Use Pokedex;

DROP TABLE IF EXISTS contest_effects;
CREATE TABLE IF NOT EXISTS `contest_effects` (
	id INTEGER NOT NULL,
	appeal SMALLINT NOT NULL,
	jam SMALLINT NOT NULL,
	PRIMARY KEY (id)
);
INSERT INTO contest_effects VALUES(1,4,0);
INSERT INTO contest_effects VALUES(2,3,0);
INSERT INTO contest_effects VALUES(3,6,0);
INSERT INTO contest_effects VALUES(4,1,4);
INSERT INTO contest_effects VALUES(5,1,3);
INSERT INTO contest_effects VALUES(6,4,4);
INSERT INTO contest_effects VALUES(7,8,0);
INSERT INTO contest_effects VALUES(8,2,2);
INSERT INTO contest_effects VALUES(9,2,3);
INSERT INTO contest_effects VALUES(10,2,1);
INSERT INTO contest_effects VALUES(11,1,0);
INSERT INTO contest_effects VALUES(12,2,0);
INSERT INTO contest_effects VALUES(13,1,0);
INSERT INTO contest_effects VALUES(14,2,1);
INSERT INTO contest_effects VALUES(15,1,0);
INSERT INTO contest_effects VALUES(16,2,0);
INSERT INTO contest_effects VALUES(17,3,0);
INSERT INTO contest_effects VALUES(18,2,0);
INSERT INTO contest_effects VALUES(19,1,0);
INSERT INTO contest_effects VALUES(20,1,0);
INSERT INTO contest_effects VALUES(21,3,0);
INSERT INTO contest_effects VALUES(22,3,0);
INSERT INTO contest_effects VALUES(23,2,1);
INSERT INTO contest_effects VALUES(24,3,0);
INSERT INTO contest_effects VALUES(25,1,0);
INSERT INTO contest_effects VALUES(26,1,0);
INSERT INTO contest_effects VALUES(27,2,0);
INSERT INTO contest_effects VALUES(28,2,0);
INSERT INTO contest_effects VALUES(29,1,0);
INSERT INTO contest_effects VALUES(30,3,0);
INSERT INTO contest_effects VALUES(31,3,0);
INSERT INTO contest_effects VALUES(32,1,0);
INSERT INTO contest_effects VALUES(33,3,0);

DROP TABLE IF EXISTS super_contest_effects;
CREATE TABLE IF NOT EXISTS `super_contest_effects` (
	id INTEGER NOT NULL,
	appeal SMALLINT NOT NULL,
	PRIMARY KEY (id)
);
INSERT INTO super_contest_effects VALUES(1,2);
INSERT INTO super_contest_effects VALUES(2,2);
INSERT INTO super_contest_effects VALUES(4,2);
INSERT INTO super_contest_effects VALUES(5,3);
INSERT INTO super_contest_effects VALUES(6,1);
INSERT INTO super_contest_effects VALUES(7,2);
INSERT INTO super_contest_effects VALUES(8,0);
INSERT INTO super_contest_effects VALUES(9,0);
INSERT INTO super_contest_effects VALUES(10,2);
INSERT INTO super_contest_effects VALUES(11,0);
INSERT INTO super_contest_effects VALUES(12,0);
INSERT INTO super_contest_effects VALUES(13,2);
INSERT INTO super_contest_effects VALUES(14,2);
INSERT INTO super_contest_effects VALUES(15,2);
INSERT INTO super_contest_effects VALUES(16,0);
INSERT INTO super_contest_effects VALUES(17,2);
INSERT INTO super_contest_effects VALUES(18,2);
INSERT INTO super_contest_effects VALUES(19,2);
INSERT INTO super_contest_effects VALUES(20,1);
INSERT INTO super_contest_effects VALUES(21,0);
INSERT INTO super_contest_effects VALUES(22,2);
INSERT INTO super_contest_effects VALUES(23,1);

DROP TABLE IF EXISTS contest_types;
CREATE TABLE IF NOT EXISTS `contest_types` (
	id INTEGER NOT NULL,
	identifier VARCHAR(79) NOT NULL,
	PRIMARY KEY (id)
);
INSERT INTO contest_types VALUES(1,'cool');
INSERT INTO contest_types VALUES(2,'beauty');
INSERT INTO contest_types VALUES(3,'cute');
INSERT INTO contest_types VALUES(4,'smart');
INSERT INTO contest_types VALUES(5,'tough');

DROP TABLE IF EXISTS move_damage_classes;
CREATE TABLE IF NOT EXISTS `move_damage_classes` (
	id INTEGER NOT NULL,
	identifier VARCHAR(79) NOT NULL,
	PRIMARY KEY (id)
);
INSERT INTO move_damage_classes VALUES(1,'status');
INSERT INTO move_damage_classes VALUES(2,'physical');
INSERT INTO move_damage_classes VALUES(3,'special');

DROP TABLE IF EXISTS types;
CREATE TABLE IF NOT EXISTS `types` (
	id INTEGER NOT NULL,
	identifier VARCHAR(79) NOT NULL,
	generation_id INTEGER NOT NULL,
	damage_class_id INTEGER,
	PRIMARY KEY (id),
	FOREIGN KEY(generation_id) REFERENCES generations (id),
	FOREIGN KEY(damage_class_id) REFERENCES move_damage_classes (id)
);
INSERT INTO types VALUES(1,'normal',1,2);
INSERT INTO types VALUES(2,'fighting',1,2);
INSERT INTO types VALUES(3,'flying',1,2);
INSERT INTO types VALUES(4,'poison',1,2);
INSERT INTO types VALUES(5,'ground',1,2);
INSERT INTO types VALUES(6,'rock',1,2);
INSERT INTO types VALUES(7,'bug',1,2);
INSERT INTO types VALUES(8,'ghost',1,2);
INSERT INTO types VALUES(9,'steel',2,2);
INSERT INTO types VALUES(10,'fire',1,3);
INSERT INTO types VALUES(11,'water',1,3);
INSERT INTO types VALUES(12,'grass',1,3);
INSERT INTO types VALUES(13,'electric',1,3);
INSERT INTO types VALUES(14,'psychic',1,3);
INSERT INTO types VALUES(15,'ice',1,3);
INSERT INTO types VALUES(16,'dragon',1,3);
INSERT INTO types VALUES(17,'dark',2,3);
INSERT INTO types VALUES(18,'fairy',6,NULL);
INSERT INTO types VALUES(10001,'unknown',2,NULL);
INSERT INTO types VALUES(10002,'shadow',3,NULL);

DROP TABLE IF EXISTS move_targets;
CREATE TABLE IF NOT EXISTS `move_targets` (
	id INTEGER NOT NULL,
	identifier VARCHAR(79) NOT NULL,
	PRIMARY KEY (id)
);
INSERT INTO move_targets VALUES(1,'specific-move');
INSERT INTO move_targets VALUES(2,'selected-pokemon-me-first');
INSERT INTO move_targets VALUES(3,'ally');
INSERT INTO move_targets VALUES(4,'users-field');
INSERT INTO move_targets VALUES(5,'user-or-ally');
INSERT INTO move_targets VALUES(6,'opponents-field');
INSERT INTO move_targets VALUES(7,'user');
INSERT INTO move_targets VALUES(8,'random-opponent');
INSERT INTO move_targets VALUES(9,'all-other-pokemon');
INSERT INTO move_targets VALUES(10,'selected-pokemon');
INSERT INTO move_targets VALUES(11,'all-opponents');
INSERT INTO move_targets VALUES(12,'entire-field');
INSERT INTO move_targets VALUES(13,'user-and-allies');
INSERT INTO move_targets VALUES(14,'all-pokemon');

DROP TABLE IF EXISTS move_effects;
CREATE TABLE IF NOT EXISTS `move_effects` (
	id INTEGER NOT NULL,
	PRIMARY KEY (id)
);
INSERT INTO move_effects VALUES(1);
INSERT INTO move_effects VALUES(2);
INSERT INTO move_effects VALUES(3);
INSERT INTO move_effects VALUES(4);
INSERT INTO move_effects VALUES(5);
INSERT INTO move_effects VALUES(6);
INSERT INTO move_effects VALUES(7);
INSERT INTO move_effects VALUES(8);
INSERT INTO move_effects VALUES(9);
INSERT INTO move_effects VALUES(10);
INSERT INTO move_effects VALUES(11);
INSERT INTO move_effects VALUES(12);
INSERT INTO move_effects VALUES(14);
INSERT INTO move_effects VALUES(17);
INSERT INTO move_effects VALUES(18);
INSERT INTO move_effects VALUES(19);
INSERT INTO move_effects VALUES(20);
INSERT INTO move_effects VALUES(21);
INSERT INTO move_effects VALUES(24);
INSERT INTO move_effects VALUES(25);
INSERT INTO move_effects VALUES(26);
INSERT INTO move_effects VALUES(27);
INSERT INTO move_effects VALUES(28);
INSERT INTO move_effects VALUES(29);
INSERT INTO move_effects VALUES(30);
INSERT INTO move_effects VALUES(31);
INSERT INTO move_effects VALUES(32);
INSERT INTO move_effects VALUES(33);
INSERT INTO move_effects VALUES(34);
INSERT INTO move_effects VALUES(35);
INSERT INTO move_effects VALUES(36);
INSERT INTO move_effects VALUES(37);
INSERT INTO move_effects VALUES(38);
INSERT INTO move_effects VALUES(39);
INSERT INTO move_effects VALUES(40);
INSERT INTO move_effects VALUES(41);
INSERT INTO move_effects VALUES(42);
INSERT INTO move_effects VALUES(43);
INSERT INTO move_effects VALUES(44);
INSERT INTO move_effects VALUES(45);
INSERT INTO move_effects VALUES(46);
INSERT INTO move_effects VALUES(47);
INSERT INTO move_effects VALUES(48);
INSERT INTO move_effects VALUES(49);
INSERT INTO move_effects VALUES(50);
INSERT INTO move_effects VALUES(51);
INSERT INTO move_effects VALUES(52);
INSERT INTO move_effects VALUES(53);
INSERT INTO move_effects VALUES(54);
INSERT INTO move_effects VALUES(55);
INSERT INTO move_effects VALUES(58);
INSERT INTO move_effects VALUES(59);
INSERT INTO move_effects VALUES(60);
INSERT INTO move_effects VALUES(61);
INSERT INTO move_effects VALUES(63);
INSERT INTO move_effects VALUES(66);
INSERT INTO move_effects VALUES(67);
INSERT INTO move_effects VALUES(68);
INSERT INTO move_effects VALUES(69);
INSERT INTO move_effects VALUES(70);
INSERT INTO move_effects VALUES(71);
INSERT INTO move_effects VALUES(72);
INSERT INTO move_effects VALUES(73);
INSERT INTO move_effects VALUES(74);
INSERT INTO move_effects VALUES(76);
INSERT INTO move_effects VALUES(77);
INSERT INTO move_effects VALUES(78);
INSERT INTO move_effects VALUES(79);
INSERT INTO move_effects VALUES(80);
INSERT INTO move_effects VALUES(81);
INSERT INTO move_effects VALUES(82);
INSERT INTO move_effects VALUES(83);
INSERT INTO move_effects VALUES(84);
INSERT INTO move_effects VALUES(85);
INSERT INTO move_effects VALUES(86);
INSERT INTO move_effects VALUES(87);
INSERT INTO move_effects VALUES(88);
INSERT INTO move_effects VALUES(89);
INSERT INTO move_effects VALUES(90);
INSERT INTO move_effects VALUES(91);
INSERT INTO move_effects VALUES(92);
INSERT INTO move_effects VALUES(93);
INSERT INTO move_effects VALUES(94);
INSERT INTO move_effects VALUES(95);
INSERT INTO move_effects VALUES(96);
INSERT INTO move_effects VALUES(98);
INSERT INTO move_effects VALUES(99);
INSERT INTO move_effects VALUES(100);
INSERT INTO move_effects VALUES(101);
INSERT INTO move_effects VALUES(102);
INSERT INTO move_effects VALUES(103);
INSERT INTO move_effects VALUES(104);
INSERT INTO move_effects VALUES(105);
INSERT INTO move_effects VALUES(106);
INSERT INTO move_effects VALUES(107);
INSERT INTO move_effects VALUES(108);
INSERT INTO move_effects VALUES(109);
INSERT INTO move_effects VALUES(110);
INSERT INTO move_effects VALUES(112);
INSERT INTO move_effects VALUES(113);
INSERT INTO move_effects VALUES(114);
INSERT INTO move_effects VALUES(115);
INSERT INTO move_effects VALUES(116);
INSERT INTO move_effects VALUES(117);
INSERT INTO move_effects VALUES(118);
INSERT INTO move_effects VALUES(119);
INSERT INTO move_effects VALUES(120);
INSERT INTO move_effects VALUES(121);
INSERT INTO move_effects VALUES(122);
INSERT INTO move_effects VALUES(123);
INSERT INTO move_effects VALUES(124);
INSERT INTO move_effects VALUES(125);
INSERT INTO move_effects VALUES(126);
INSERT INTO move_effects VALUES(127);
INSERT INTO move_effects VALUES(128);
INSERT INTO move_effects VALUES(129);
INSERT INTO move_effects VALUES(130);
INSERT INTO move_effects VALUES(131);
INSERT INTO move_effects VALUES(133);
INSERT INTO move_effects VALUES(136);
INSERT INTO move_effects VALUES(137);
INSERT INTO move_effects VALUES(138);
INSERT INTO move_effects VALUES(139);
INSERT INTO move_effects VALUES(140);
INSERT INTO move_effects VALUES(141);
INSERT INTO move_effects VALUES(143);
INSERT INTO move_effects VALUES(144);
INSERT INTO move_effects VALUES(145);
INSERT INTO move_effects VALUES(146);
INSERT INTO move_effects VALUES(147);
INSERT INTO move_effects VALUES(148);
INSERT INTO move_effects VALUES(149);
INSERT INTO move_effects VALUES(150);
INSERT INTO move_effects VALUES(151);
INSERT INTO move_effects VALUES(152);
INSERT INTO move_effects VALUES(153);
INSERT INTO move_effects VALUES(154);
INSERT INTO move_effects VALUES(155);
INSERT INTO move_effects VALUES(156);
INSERT INTO move_effects VALUES(157);
INSERT INTO move_effects VALUES(159);
INSERT INTO move_effects VALUES(160);
INSERT INTO move_effects VALUES(161);
INSERT INTO move_effects VALUES(162);
INSERT INTO move_effects VALUES(163);
INSERT INTO move_effects VALUES(165);
INSERT INTO move_effects VALUES(166);
INSERT INTO move_effects VALUES(167);
INSERT INTO move_effects VALUES(168);
INSERT INTO move_effects VALUES(169);
INSERT INTO move_effects VALUES(170);
INSERT INTO move_effects VALUES(171);
INSERT INTO move_effects VALUES(172);
INSERT INTO move_effects VALUES(173);
INSERT INTO move_effects VALUES(174);
INSERT INTO move_effects VALUES(175);
INSERT INTO move_effects VALUES(176);
INSERT INTO move_effects VALUES(177);
INSERT INTO move_effects VALUES(178);
INSERT INTO move_effects VALUES(179);
INSERT INTO move_effects VALUES(180);
INSERT INTO move_effects VALUES(181);
INSERT INTO move_effects VALUES(182);
INSERT INTO move_effects VALUES(183);
INSERT INTO move_effects VALUES(184);
INSERT INTO move_effects VALUES(185);
INSERT INTO move_effects VALUES(186);
INSERT INTO move_effects VALUES(187);
INSERT INTO move_effects VALUES(188);
INSERT INTO move_effects VALUES(189);
INSERT INTO move_effects VALUES(190);
INSERT INTO move_effects VALUES(191);
INSERT INTO move_effects VALUES(192);
INSERT INTO move_effects VALUES(193);
INSERT INTO move_effects VALUES(194);
INSERT INTO move_effects VALUES(195);
INSERT INTO move_effects VALUES(196);
INSERT INTO move_effects VALUES(197);
INSERT INTO move_effects VALUES(198);
INSERT INTO move_effects VALUES(199);
INSERT INTO move_effects VALUES(200);
INSERT INTO move_effects VALUES(201);
INSERT INTO move_effects VALUES(202);
INSERT INTO move_effects VALUES(203);
INSERT INTO move_effects VALUES(204);
INSERT INTO move_effects VALUES(205);
INSERT INTO move_effects VALUES(206);
INSERT INTO move_effects VALUES(207);
INSERT INTO move_effects VALUES(208);
INSERT INTO move_effects VALUES(209);
INSERT INTO move_effects VALUES(210);
INSERT INTO move_effects VALUES(211);
INSERT INTO move_effects VALUES(212);
INSERT INTO move_effects VALUES(213);
INSERT INTO move_effects VALUES(214);
INSERT INTO move_effects VALUES(215);
INSERT INTO move_effects VALUES(216);
INSERT INTO move_effects VALUES(217);
INSERT INTO move_effects VALUES(218);
INSERT INTO move_effects VALUES(219);
INSERT INTO move_effects VALUES(220);
INSERT INTO move_effects VALUES(221);
INSERT INTO move_effects VALUES(222);
INSERT INTO move_effects VALUES(223);
INSERT INTO move_effects VALUES(224);
INSERT INTO move_effects VALUES(225);
INSERT INTO move_effects VALUES(226);
INSERT INTO move_effects VALUES(227);
INSERT INTO move_effects VALUES(228);
INSERT INTO move_effects VALUES(229);
INSERT INTO move_effects VALUES(230);
INSERT INTO move_effects VALUES(231);
INSERT INTO move_effects VALUES(232);
INSERT INTO move_effects VALUES(233);
INSERT INTO move_effects VALUES(234);
INSERT INTO move_effects VALUES(235);
INSERT INTO move_effects VALUES(236);
INSERT INTO move_effects VALUES(237);
INSERT INTO move_effects VALUES(238);
INSERT INTO move_effects VALUES(239);
INSERT INTO move_effects VALUES(240);
INSERT INTO move_effects VALUES(241);
INSERT INTO move_effects VALUES(242);
INSERT INTO move_effects VALUES(243);
INSERT INTO move_effects VALUES(244);
INSERT INTO move_effects VALUES(245);
INSERT INTO move_effects VALUES(246);
INSERT INTO move_effects VALUES(247);
INSERT INTO move_effects VALUES(248);
INSERT INTO move_effects VALUES(249);
INSERT INTO move_effects VALUES(250);
INSERT INTO move_effects VALUES(251);
INSERT INTO move_effects VALUES(252);
INSERT INTO move_effects VALUES(253);
INSERT INTO move_effects VALUES(254);
INSERT INTO move_effects VALUES(255);
INSERT INTO move_effects VALUES(256);
INSERT INTO move_effects VALUES(257);
INSERT INTO move_effects VALUES(258);
INSERT INTO move_effects VALUES(259);
INSERT INTO move_effects VALUES(260);
INSERT INTO move_effects VALUES(261);
INSERT INTO move_effects VALUES(262);
INSERT INTO move_effects VALUES(263);
INSERT INTO move_effects VALUES(264);
INSERT INTO move_effects VALUES(266);
INSERT INTO move_effects VALUES(267);
INSERT INTO move_effects VALUES(268);
INSERT INTO move_effects VALUES(269);
INSERT INTO move_effects VALUES(270);
INSERT INTO move_effects VALUES(271);
INSERT INTO move_effects VALUES(272);
INSERT INTO move_effects VALUES(273);
INSERT INTO move_effects VALUES(274);
INSERT INTO move_effects VALUES(275);
INSERT INTO move_effects VALUES(276);
INSERT INTO move_effects VALUES(277);
INSERT INTO move_effects VALUES(278);
INSERT INTO move_effects VALUES(279);
INSERT INTO move_effects VALUES(280);
INSERT INTO move_effects VALUES(281);
INSERT INTO move_effects VALUES(282);
INSERT INTO move_effects VALUES(283);
INSERT INTO move_effects VALUES(284);
INSERT INTO move_effects VALUES(285);
INSERT INTO move_effects VALUES(286);
INSERT INTO move_effects VALUES(287);
INSERT INTO move_effects VALUES(288);
INSERT INTO move_effects VALUES(289);
INSERT INTO move_effects VALUES(290);
INSERT INTO move_effects VALUES(291);
INSERT INTO move_effects VALUES(292);
INSERT INTO move_effects VALUES(293);
INSERT INTO move_effects VALUES(294);
INSERT INTO move_effects VALUES(295);
INSERT INTO move_effects VALUES(296);
INSERT INTO move_effects VALUES(297);
INSERT INTO move_effects VALUES(298);
INSERT INTO move_effects VALUES(299);
INSERT INTO move_effects VALUES(300);
INSERT INTO move_effects VALUES(301);
INSERT INTO move_effects VALUES(302);
INSERT INTO move_effects VALUES(303);
INSERT INTO move_effects VALUES(304);
INSERT INTO move_effects VALUES(305);
INSERT INTO move_effects VALUES(306);
INSERT INTO move_effects VALUES(307);
INSERT INTO move_effects VALUES(308);
INSERT INTO move_effects VALUES(309);
INSERT INTO move_effects VALUES(310);
INSERT INTO move_effects VALUES(311);
INSERT INTO move_effects VALUES(312);
INSERT INTO move_effects VALUES(313);
INSERT INTO move_effects VALUES(314);
INSERT INTO move_effects VALUES(315);
INSERT INTO move_effects VALUES(316);
INSERT INTO move_effects VALUES(317);
INSERT INTO move_effects VALUES(318);
INSERT INTO move_effects VALUES(319);
INSERT INTO move_effects VALUES(320);
INSERT INTO move_effects VALUES(321);
INSERT INTO move_effects VALUES(322);
INSERT INTO move_effects VALUES(323);
INSERT INTO move_effects VALUES(324);
INSERT INTO move_effects VALUES(325);
INSERT INTO move_effects VALUES(326);
INSERT INTO move_effects VALUES(327);
INSERT INTO move_effects VALUES(328);
INSERT INTO move_effects VALUES(329);
INSERT INTO move_effects VALUES(330);
INSERT INTO move_effects VALUES(331);
INSERT INTO move_effects VALUES(332);
INSERT INTO move_effects VALUES(333);
INSERT INTO move_effects VALUES(335);
INSERT INTO move_effects VALUES(336);
INSERT INTO move_effects VALUES(337);
INSERT INTO move_effects VALUES(338);
INSERT INTO move_effects VALUES(339);
INSERT INTO move_effects VALUES(340);
INSERT INTO move_effects VALUES(341);
INSERT INTO move_effects VALUES(342);
INSERT INTO move_effects VALUES(343);
INSERT INTO move_effects VALUES(344);
INSERT INTO move_effects VALUES(345);
INSERT INTO move_effects VALUES(346);
INSERT INTO move_effects VALUES(347);
INSERT INTO move_effects VALUES(348);
INSERT INTO move_effects VALUES(349);
INSERT INTO move_effects VALUES(350);
INSERT INTO move_effects VALUES(351);
INSERT INTO move_effects VALUES(352);
INSERT INTO move_effects VALUES(353);
INSERT INTO move_effects VALUES(354);
INSERT INTO move_effects VALUES(355);
INSERT INTO move_effects VALUES(356);
INSERT INTO move_effects VALUES(357);
INSERT INTO move_effects VALUES(358);
INSERT INTO move_effects VALUES(359);
INSERT INTO move_effects VALUES(360);
INSERT INTO move_effects VALUES(361);
INSERT INTO move_effects VALUES(362);
INSERT INTO move_effects VALUES(363);
INSERT INTO move_effects VALUES(364);
INSERT INTO move_effects VALUES(365);
INSERT INTO move_effects VALUES(366);
INSERT INTO move_effects VALUES(367);
INSERT INTO move_effects VALUES(368);
INSERT INTO move_effects VALUES(369);
INSERT INTO move_effects VALUES(370);
INSERT INTO move_effects VALUES(10001);
INSERT INTO move_effects VALUES(10002);
INSERT INTO move_effects VALUES(10003);
INSERT INTO move_effects VALUES(10004);
INSERT INTO move_effects VALUES(10005);
INSERT INTO move_effects VALUES(10006);
INSERT INTO move_effects VALUES(10007);

DROP TABLE IF EXISTS moves;
CREATE TABLE IF NOT EXISTS `moves` (
	id INTEGER NOT NULL,
	identifier VARCHAR(79) NOT NULL,
	generation_id INTEGER NOT NULL,
	type_id INTEGER NOT NULL,
	power SMALLINT,
	pp SMALLINT,
	accuracy SMALLINT,
	priority SMALLINT NOT NULL,
	target_id INTEGER NOT NULL,
	damage_class_id INTEGER NOT NULL,
	effect_id INTEGER NOT NULL,
	effect_chance INTEGER,
	contest_type_id INTEGER,
	contest_effect_id INTEGER,
	super_contest_effect_id INTEGER,
	PRIMARY KEY (id),
	FOREIGN KEY(generation_id) REFERENCES generations (id),
	FOREIGN KEY(type_id) REFERENCES types (id),
	FOREIGN KEY(target_id) REFERENCES move_targets (id),
	FOREIGN KEY(damage_class_id) REFERENCES move_damage_classes (id),
	FOREIGN KEY(effect_id) REFERENCES move_effects (id),
	FOREIGN KEY(contest_type_id) REFERENCES contest_types (id),
	FOREIGN KEY(contest_effect_id) REFERENCES contest_effects (id),
	FOREIGN KEY(super_contest_effect_id) REFERENCES super_contest_effects (id)
);
INSERT INTO moves VALUES(1,'pound',1,1,40,35,100,0,10,2,1,NULL,5,1,5);
INSERT INTO moves VALUES(2,'karate-chop',1,2,50,25,100,0,10,2,44,NULL,5,2,5);
INSERT INTO moves VALUES(3,'double-slap',1,1,15,10,85,0,10,2,30,NULL,5,10,7);
INSERT INTO moves VALUES(4,'comet-punch',1,1,18,15,85,0,10,2,30,NULL,5,12,7);
INSERT INTO moves VALUES(5,'mega-punch',1,1,80,20,85,0,10,2,1,NULL,5,1,18);
INSERT INTO moves VALUES(6,'pay-day',1,1,40,20,100,0,10,2,35,NULL,4,11,23);
INSERT INTO moves VALUES(7,'fire-punch',1,10,75,15,100,0,10,2,5,10,2,1,17);
INSERT INTO moves VALUES(8,'ice-punch',1,15,75,15,100,0,10,2,6,10,2,1,17);
INSERT INTO moves VALUES(9,'thunder-punch',1,13,75,15,100,0,10,2,7,10,1,1,17);
INSERT INTO moves VALUES(10,'scratch',1,1,40,35,100,0,10,2,1,NULL,5,1,5);
INSERT INTO moves VALUES(11,'vice-grip',1,1,55,30,100,0,10,2,1,NULL,5,1,5);
INSERT INTO moves VALUES(12,'guillotine',1,1,NULL,5,30,0,10,2,39,NULL,1,14,9);
INSERT INTO moves VALUES(13,'razor-wind',1,1,80,10,100,0,11,3,40,NULL,1,2,6);
INSERT INTO moves VALUES(14,'swords-dance',1,1,NULL,20,NULL,0,7,1,51,NULL,2,32,11);
INSERT INTO moves VALUES(15,'cut',1,1,50,30,95,0,10,2,1,NULL,1,14,5);
INSERT INTO moves VALUES(16,'gust',1,3,40,35,100,0,10,3,150,NULL,4,21,5);
INSERT INTO moves VALUES(17,'wing-attack',1,3,60,35,100,0,10,2,1,NULL,1,12,5);
INSERT INTO moves VALUES(18,'whirlwind',1,1,NULL,20,NULL,-6,10,1,29,NULL,4,21,9);
INSERT INTO moves VALUES(19,'fly',1,3,90,15,95,0,10,2,156,NULL,4,15,6);
INSERT INTO moves VALUES(20,'bind',1,1,15,20,85,0,10,2,43,100,5,24,21);
INSERT INTO moves VALUES(21,'slam',1,1,80,20,75,0,10,2,1,NULL,5,23,5);
INSERT INTO moves VALUES(22,'vine-whip',1,12,45,25,100,0,10,2,1,NULL,1,1,5);
INSERT INTO moves VALUES(23,'stomp',1,1,65,20,100,0,10,2,151,30,5,4,5);
INSERT INTO moves VALUES(24,'double-kick',1,2,30,30,100,0,10,2,45,NULL,1,12,7);
INSERT INTO moves VALUES(25,'mega-kick',1,1,120,5,75,0,10,2,1,NULL,1,1,18);
INSERT INTO moves VALUES(26,'jump-kick',1,2,100,10,95,0,10,2,46,NULL,1,3,5);
INSERT INTO moves VALUES(27,'rolling-kick',1,2,60,15,85,0,10,2,32,30,1,5,5);
INSERT INTO moves VALUES(28,'sand-attack',1,5,NULL,15,100,0,10,1,24,NULL,3,10,19);
INSERT INTO moves VALUES(29,'headbutt',1,1,70,15,100,0,10,2,32,30,5,9,5);
INSERT INTO moves VALUES(30,'horn-attack',1,1,65,25,100,0,10,2,1,NULL,1,1,5);
INSERT INTO moves VALUES(31,'fury-attack',1,1,15,20,85,0,10,2,30,NULL,1,10,7);
INSERT INTO moves VALUES(32,'horn-drill',1,1,NULL,5,30,0,10,2,39,NULL,1,14,9);
INSERT INTO moves VALUES(33,'tackle',1,1,50,35,100,0,10,2,1,NULL,5,1,5);
INSERT INTO moves VALUES(34,'body-slam',1,1,85,15,100,0,10,2,7,30,5,4,5);
INSERT INTO moves VALUES(35,'wrap',1,1,15,20,90,0,10,2,43,100,5,24,21);
INSERT INTO moves VALUES(36,'take-down',1,1,90,20,85,0,10,2,49,NULL,5,3,5);
INSERT INTO moves VALUES(37,'thrash',1,1,120,10,100,0,8,2,28,NULL,5,6,7);
INSERT INTO moves VALUES(38,'double-edge',1,1,120,15,100,0,10,2,199,NULL,5,3,9);
INSERT INTO moves VALUES(39,'tail-whip',1,1,NULL,30,100,0,11,1,20,NULL,3,28,19);
INSERT INTO moves VALUES(40,'poison-sting',1,4,15,35,100,0,10,2,3,30,4,9,19);
INSERT INTO moves VALUES(41,'twineedle',1,7,25,20,100,0,10,2,78,20,1,9,7);
INSERT INTO moves VALUES(42,'pin-missile',1,7,25,20,95,0,10,2,30,NULL,1,10,7);
INSERT INTO moves VALUES(43,'leer',1,1,NULL,30,100,0,11,1,20,100,1,24,19);
INSERT INTO moves VALUES(44,'bite',1,17,60,25,100,0,10,2,32,30,5,5,5);
INSERT INTO moves VALUES(45,'growl',1,1,NULL,40,100,0,11,1,19,NULL,3,28,19);
INSERT INTO moves VALUES(46,'roar',1,1,NULL,20,NULL,-6,10,1,29,NULL,1,21,19);
INSERT INTO moves VALUES(47,'sing',1,1,NULL,15,55,0,10,1,2,NULL,3,18,19);
INSERT INTO moves VALUES(48,'supersonic',1,1,NULL,20,55,0,10,1,50,NULL,4,21,19);
INSERT INTO moves VALUES(49,'sonic-boom',1,1,NULL,20,90,0,10,3,131,NULL,1,12,5);
INSERT INTO moves VALUES(50,'disable',1,1,NULL,20,100,0,10,1,87,NULL,4,18,19);
INSERT INTO moves VALUES(51,'acid',1,4,40,30,100,0,11,3,73,10,4,4,5);
INSERT INTO moves VALUES(52,'ember',1,10,40,25,100,0,10,3,5,10,2,1,5);
INSERT INTO moves VALUES(53,'flamethrower',1,10,90,15,100,0,10,3,5,10,2,1,17);
INSERT INTO moves VALUES(54,'mist',1,15,NULL,30,NULL,0,4,1,47,NULL,2,15,13);
INSERT INTO moves VALUES(55,'water-gun',1,11,40,25,100,0,10,3,1,NULL,3,1,5);
INSERT INTO moves VALUES(56,'hydro-pump',1,11,110,5,80,0,10,3,1,NULL,2,1,17);
INSERT INTO moves VALUES(57,'surf',1,11,90,15,100,0,9,3,258,NULL,2,2,17);
INSERT INTO moves VALUES(58,'ice-beam',1,15,90,10,100,0,10,3,6,10,2,23,17);
INSERT INTO moves VALUES(59,'blizzard',1,15,110,5,70,0,11,3,261,10,2,1,17);
INSERT INTO moves VALUES(60,'psybeam',1,14,65,20,100,0,10,3,77,10,2,21,17);
INSERT INTO moves VALUES(61,'bubble-beam',1,11,65,20,100,0,10,3,71,10,2,5,2);
INSERT INTO moves VALUES(62,'aurora-beam',1,15,65,20,100,0,10,3,69,10,2,23,17);
INSERT INTO moves VALUES(63,'hyper-beam',1,1,150,5,90,0,10,3,81,NULL,1,6,22);
INSERT INTO moves VALUES(64,'peck',1,3,35,35,100,0,10,2,1,NULL,1,1,5);
INSERT INTO moves VALUES(65,'drill-peck',1,3,80,20,100,0,10,2,1,NULL,1,1,5);
INSERT INTO moves VALUES(66,'submission',1,2,80,20,80,0,10,2,49,NULL,1,3,5);
INSERT INTO moves VALUES(67,'low-kick',1,2,NULL,20,100,0,10,2,197,NULL,5,4,5);
INSERT INTO moves VALUES(68,'counter',1,2,NULL,20,100,-5,1,2,90,NULL,5,16,15);
INSERT INTO moves VALUES(69,'seismic-toss',1,2,NULL,20,100,0,10,2,88,NULL,5,23,5);
INSERT INTO moves VALUES(70,'strength',1,1,80,15,100,0,10,2,1,NULL,5,23,5);
INSERT INTO moves VALUES(71,'absorb',1,12,20,25,100,0,10,3,4,NULL,4,9,20);
INSERT INTO moves VALUES(72,'mega-drain',1,12,40,15,100,0,10,3,4,NULL,4,4,20);
INSERT INTO moves VALUES(73,'leech-seed',1,12,NULL,10,90,0,10,1,85,NULL,4,8,21);
INSERT INTO moves VALUES(74,'growth',1,1,NULL,20,NULL,0,7,1,317,NULL,2,32,11);
INSERT INTO moves VALUES(75,'razor-leaf',1,12,55,25,95,0,11,2,44,NULL,1,2,5);
INSERT INTO moves VALUES(76,'solar-beam',1,12,120,10,100,0,10,3,152,NULL,1,1,6);
INSERT INTO moves VALUES(77,'poison-powder',1,4,NULL,35,75,0,10,1,67,NULL,4,33,19);
INSERT INTO moves VALUES(78,'stun-spore',1,12,NULL,30,75,0,10,1,68,NULL,4,14,19);
INSERT INTO moves VALUES(79,'sleep-powder',1,12,NULL,15,75,0,10,1,2,NULL,4,5,19);
INSERT INTO moves VALUES(80,'petal-dance',1,12,120,10,100,0,8,3,28,NULL,2,6,21);
INSERT INTO moves VALUES(81,'string-shot',1,7,NULL,40,95,0,11,1,21,NULL,4,9,19);
INSERT INTO moves VALUES(82,'dragon-rage',1,16,NULL,10,100,0,10,3,42,NULL,1,26,5);
INSERT INTO moves VALUES(83,'fire-spin',1,10,35,15,85,0,10,3,43,100,2,24,21);
INSERT INTO moves VALUES(84,'thunder-shock',1,13,40,30,100,0,10,3,7,10,1,1,5);
INSERT INTO moves VALUES(85,'thunderbolt',1,13,90,15,100,0,10,3,7,10,1,1,17);
INSERT INTO moves VALUES(86,'thunder-wave',1,13,NULL,20,100,0,10,1,68,NULL,1,14,19);
INSERT INTO moves VALUES(87,'thunder',1,13,110,10,70,0,10,3,153,30,1,8,17);
INSERT INTO moves VALUES(88,'rock-throw',1,6,50,15,90,0,10,2,1,NULL,5,12,5);
INSERT INTO moves VALUES(89,'earthquake',1,5,100,10,100,0,9,2,148,NULL,5,5,18);
INSERT INTO moves VALUES(90,'fissure',1,5,NULL,5,30,0,10,2,39,NULL,5,14,9);
INSERT INTO moves VALUES(91,'dig',1,5,80,10,100,0,10,2,257,NULL,4,15,6);
INSERT INTO moves VALUES(92,'toxic',1,4,NULL,10,90,0,10,1,34,NULL,4,33,19);
INSERT INTO moves VALUES(93,'confusion',1,14,50,25,100,0,10,3,77,10,4,9,5);
INSERT INTO moves VALUES(94,'psychic',1,14,90,10,100,0,10,3,73,10,4,5,17);
INSERT INTO moves VALUES(95,'hypnosis',1,14,NULL,20,60,0,10,1,2,NULL,4,5,19);
INSERT INTO moves VALUES(96,'meditate',1,14,NULL,40,NULL,0,7,1,11,NULL,2,32,11);
INSERT INTO moves VALUES(97,'agility',1,14,NULL,30,NULL,0,7,1,53,NULL,1,30,1);
INSERT INTO moves VALUES(98,'quick-attack',1,1,40,30,100,1,10,2,104,NULL,1,30,1);
INSERT INTO moves VALUES(99,'rage',1,1,20,20,100,0,10,2,82,NULL,1,17,11);
INSERT INTO moves VALUES(100,'teleport',1,14,NULL,20,NULL,0,7,1,154,NULL,1,15,1);
INSERT INTO moves VALUES(101,'night-shade',1,8,NULL,15,100,0,10,3,88,NULL,4,23,5);
INSERT INTO moves VALUES(102,'mimic',1,1,NULL,10,NULL,0,10,1,83,NULL,3,19,12);
INSERT INTO moves VALUES(103,'screech',1,1,NULL,40,85,0,10,1,60,NULL,4,5,10);
INSERT INTO moves VALUES(104,'double-team',1,1,NULL,15,NULL,0,7,1,17,NULL,1,16,1);
INSERT INTO moves VALUES(105,'recover',1,1,NULL,10,NULL,0,7,1,33,NULL,4,23,8);
INSERT INTO moves VALUES(106,'harden',1,1,NULL,30,NULL,0,7,1,12,NULL,5,16,13);
INSERT INTO moves VALUES(107,'minimize',1,1,NULL,10,NULL,0,7,1,109,NULL,3,16,13);
INSERT INTO moves VALUES(108,'smokescreen',1,1,NULL,20,100,0,10,1,24,NULL,4,21,10);
INSERT INTO moves VALUES(109,'confuse-ray',1,8,NULL,10,100,0,10,1,50,NULL,4,21,10);
INSERT INTO moves VALUES(110,'withdraw',1,11,NULL,40,NULL,0,7,1,12,NULL,3,15,13);
INSERT INTO moves VALUES(111,'defense-curl',1,1,NULL,40,NULL,0,7,1,157,NULL,3,16,13);
INSERT INTO moves VALUES(112,'barrier',1,14,NULL,20,NULL,0,7,1,52,NULL,1,15,13);
INSERT INTO moves VALUES(113,'light-screen',1,14,NULL,30,NULL,0,4,1,36,NULL,2,15,13);
INSERT INTO moves VALUES(114,'haze',1,15,NULL,30,NULL,0,12,1,26,NULL,2,33,13);
INSERT INTO moves VALUES(115,'reflect',1,14,NULL,20,NULL,0,4,1,66,NULL,4,15,13);
INSERT INTO moves VALUES(116,'focus-energy',1,1,NULL,30,NULL,0,7,1,48,NULL,1,5,11);
INSERT INTO moves VALUES(117,'bide',1,1,NULL,10,NULL,1,7,2,27,NULL,5,15,15);
INSERT INTO moves VALUES(118,'metronome',1,1,NULL,10,NULL,0,7,1,84,NULL,3,17,14);
INSERT INTO moves VALUES(119,'mirror-move',1,3,NULL,20,NULL,0,10,1,10,NULL,4,19,15);
INSERT INTO moves VALUES(120,'self-destruct',1,1,200,5,100,0,9,2,8,NULL,2,7,9);
INSERT INTO moves VALUES(121,'egg-bomb',1,1,100,10,75,0,10,2,1,NULL,5,1,5);
INSERT INTO moves VALUES(122,'lick',1,8,30,30,100,0,10,2,7,30,5,4,16);
INSERT INTO moves VALUES(123,'smog',1,4,30,20,70,0,10,3,3,40,5,5,5);
INSERT INTO moves VALUES(124,'sludge',1,4,65,20,100,0,10,3,3,30,5,4,18);
INSERT INTO moves VALUES(125,'bone-club',1,5,65,20,85,0,10,2,32,10,5,10,5);
INSERT INTO moves VALUES(126,'fire-blast',1,10,110,5,85,0,10,3,5,10,2,1,17);
INSERT INTO moves VALUES(127,'waterfall',1,11,80,15,100,0,10,2,32,20,5,28,5);
INSERT INTO moves VALUES(128,'clamp',1,11,35,15,85,0,10,2,43,100,5,24,5);
INSERT INTO moves VALUES(129,'swift',1,1,60,20,NULL,0,11,3,18,NULL,1,27,17);
INSERT INTO moves VALUES(130,'skull-bash',1,1,130,10,100,0,10,2,146,100,5,4,6);
INSERT INTO moves VALUES(131,'spike-cannon',1,1,20,15,100,0,10,2,30,NULL,1,10,7);
INSERT INTO moves VALUES(132,'constrict',1,1,10,35,100,0,10,2,71,10,5,9,21);
INSERT INTO moves VALUES(133,'amnesia',1,14,NULL,20,NULL,0,7,1,55,NULL,3,32,11);
INSERT INTO moves VALUES(134,'kinesis',1,14,NULL,15,80,0,10,1,24,NULL,4,24,11);
INSERT INTO moves VALUES(135,'soft-boiled',1,1,NULL,10,NULL,0,7,1,33,NULL,2,1,8);
INSERT INTO moves VALUES(136,'high-jump-kick',1,2,130,10,90,0,10,2,46,NULL,1,3,5);
INSERT INTO moves VALUES(137,'glare',1,1,NULL,30,100,0,10,1,68,NULL,5,5,19);
INSERT INTO moves VALUES(138,'dream-eater',1,14,100,15,100,0,10,3,9,NULL,4,8,20);
INSERT INTO moves VALUES(139,'poison-gas',1,4,NULL,40,90,0,11,1,67,NULL,4,33,5);
INSERT INTO moves VALUES(140,'barrage',1,1,15,20,85,0,10,2,30,NULL,5,12,7);
INSERT INTO moves VALUES(141,'leech-life',1,7,20,15,100,0,10,2,4,NULL,4,9,20);
INSERT INTO moves VALUES(142,'lovely-kiss',1,1,NULL,10,75,0,10,1,2,NULL,2,5,19);
INSERT INTO moves VALUES(143,'sky-attack',1,3,140,5,90,0,10,2,76,30,1,2,6);
INSERT INTO moves VALUES(144,'transform',1,1,NULL,10,NULL,0,10,1,58,NULL,4,17,23);
INSERT INTO moves VALUES(145,'bubble',1,11,40,30,100,0,11,3,71,10,3,8,2);
INSERT INTO moves VALUES(146,'dizzy-punch',1,1,70,10,100,0,10,2,77,20,1,4,16);
INSERT INTO moves VALUES(147,'spore',1,12,NULL,15,100,0,10,1,2,NULL,2,5,10);
INSERT INTO moves VALUES(148,'flash',1,1,NULL,20,100,0,10,1,24,NULL,2,21,10);
INSERT INTO moves VALUES(149,'psywave',1,14,NULL,15,100,0,10,3,89,NULL,4,14,5);
INSERT INTO moves VALUES(150,'splash',1,1,NULL,40,NULL,0,7,1,86,NULL,3,28,16);
INSERT INTO moves VALUES(151,'acid-armor',1,4,NULL,20,NULL,0,7,1,52,NULL,5,32,11);
INSERT INTO moves VALUES(152,'crabhammer',1,11,100,10,90,0,10,2,44,NULL,5,2,18);
INSERT INTO moves VALUES(153,'explosion',1,1,250,5,100,0,9,2,8,NULL,2,7,9);
INSERT INTO moves VALUES(154,'fury-swipes',1,1,18,15,80,0,10,2,30,NULL,5,10,7);
INSERT INTO moves VALUES(155,'bonemerang',1,5,50,10,90,0,10,2,45,NULL,5,1,7);
INSERT INTO moves VALUES(156,'rest',1,14,NULL,10,NULL,0,7,1,38,NULL,3,16,8);
INSERT INTO moves VALUES(157,'rock-slide',1,6,75,10,90,0,11,2,32,30,5,5,5);
INSERT INTO moves VALUES(158,'hyper-fang',1,1,80,15,90,0,10,2,32,10,1,4,18);
INSERT INTO moves VALUES(159,'sharpen',1,1,NULL,30,NULL,0,7,1,11,NULL,3,32,11);
INSERT INTO moves VALUES(160,'conversion',1,1,NULL,30,NULL,0,7,1,31,NULL,2,12,23);
INSERT INTO moves VALUES(161,'tri-attack',1,1,80,10,100,0,10,3,37,20,2,8,5);
INSERT INTO moves VALUES(162,'super-fang',1,1,NULL,10,90,0,10,2,41,NULL,5,14,5);
INSERT INTO moves VALUES(163,'slash',1,1,70,20,100,0,10,2,44,NULL,1,2,5);
INSERT INTO moves VALUES(164,'substitute',1,1,NULL,10,NULL,0,7,1,80,NULL,4,16,23);
INSERT INTO moves VALUES(165,'struggle',1,1,50,NULL,NULL,0,8,2,255,NULL,1,1,5);
INSERT INTO moves VALUES(166,'sketch',2,1,NULL,1,NULL,0,10,1,96,NULL,4,19,23);
INSERT INTO moves VALUES(167,'triple-kick',2,2,10,10,90,0,10,2,105,NULL,1,1,7);
INSERT INTO moves VALUES(168,'thief',2,17,60,25,100,0,10,2,106,NULL,5,20,12);
INSERT INTO moves VALUES(169,'spider-web',2,7,NULL,10,NULL,0,10,1,107,NULL,4,18,13);
INSERT INTO moves VALUES(170,'mind-reader',2,1,NULL,5,NULL,0,10,1,95,NULL,4,24,20);
INSERT INTO moves VALUES(171,'nightmare',2,8,NULL,15,100,0,10,1,108,NULL,4,5,19);
INSERT INTO moves VALUES(172,'flame-wheel',2,10,60,25,100,0,10,2,126,10,2,1,7);
INSERT INTO moves VALUES(173,'snore',2,1,50,15,100,0,10,3,93,30,3,1,5);
INSERT INTO moves VALUES(174,'curse',2,8,NULL,10,NULL,0,1,1,110,NULL,5,31,21);
INSERT INTO moves VALUES(175,'flail',2,1,NULL,15,100,0,10,2,100,NULL,3,26,15);
INSERT INTO moves VALUES(176,'conversion-2',2,1,NULL,30,NULL,0,10,1,94,NULL,2,12,23);
INSERT INTO moves VALUES(177,'aeroblast',2,3,100,5,95,0,10,3,44,NULL,1,2,22);
INSERT INTO moves VALUES(178,'cotton-spore',2,12,NULL,40,100,0,11,1,61,NULL,2,10,1);
INSERT INTO moves VALUES(179,'reversal',2,2,NULL,15,100,0,10,2,100,NULL,1,28,15);
INSERT INTO moves VALUES(180,'spite',2,8,NULL,10,100,0,10,1,101,NULL,5,28,19);
INSERT INTO moves VALUES(181,'powder-snow',2,15,40,25,100,0,11,3,6,10,2,1,5);
INSERT INTO moves VALUES(182,'protect',2,1,NULL,10,NULL,4,7,1,112,NULL,3,15,16);
INSERT INTO moves VALUES(183,'mach-punch',2,2,40,30,100,1,10,2,104,NULL,1,30,1);
INSERT INTO moves VALUES(184,'scary-face',2,1,NULL,10,100,0,10,1,61,NULL,5,10,2);
INSERT INTO moves VALUES(185,'feint-attack',2,17,60,20,NULL,0,10,2,18,NULL,4,27,18);
INSERT INTO moves VALUES(186,'sweet-kiss',2,18,NULL,10,75,0,10,1,50,NULL,3,18,19);
INSERT INTO moves VALUES(187,'belly-drum',2,1,NULL,10,NULL,0,7,1,143,NULL,3,32,11);
INSERT INTO moves VALUES(188,'sludge-bomb',2,4,90,10,100,0,10,3,3,30,5,10,18);
INSERT INTO moves VALUES(189,'mud-slap',2,5,20,10,100,0,10,3,74,100,3,10,5);
INSERT INTO moves VALUES(190,'octazooka',2,11,65,10,85,0,10,3,74,50,5,10,4);
INSERT INTO moves VALUES(191,'spikes',2,5,NULL,20,NULL,0,6,1,113,NULL,4,18,13);
INSERT INTO moves VALUES(192,'zap-cannon',2,13,120,5,50,0,10,3,7,100,1,1,4);
INSERT INTO moves VALUES(193,'foresight',2,1,NULL,40,NULL,0,10,1,114,NULL,4,33,20);
INSERT INTO moves VALUES(194,'destiny-bond',2,8,NULL,5,NULL,0,7,1,99,NULL,4,7,9);
INSERT INTO moves VALUES(195,'perish-song',2,1,NULL,5,NULL,0,14,1,115,NULL,2,14,10);
INSERT INTO moves VALUES(196,'icy-wind',2,15,55,15,95,0,11,3,71,100,2,5,2);
INSERT INTO moves VALUES(197,'detect',2,2,NULL,5,NULL,4,7,1,112,NULL,1,16,16);
INSERT INTO moves VALUES(198,'bone-rush',2,5,25,10,90,0,10,2,30,NULL,5,1,7);
INSERT INTO moves VALUES(199,'lock-on',2,1,NULL,5,NULL,0,10,1,95,NULL,4,24,20);
INSERT INTO moves VALUES(200,'outrage',2,16,120,10,100,0,8,2,28,NULL,1,6,7);
INSERT INTO moves VALUES(201,'sandstorm',2,6,NULL,10,NULL,0,12,1,116,NULL,5,21,13);
INSERT INTO moves VALUES(202,'giga-drain',2,12,75,10,100,0,10,3,4,NULL,4,10,20);
INSERT INTO moves VALUES(203,'endure',2,1,NULL,10,NULL,4,7,1,117,NULL,5,16,13);
INSERT INTO moves VALUES(204,'charm',2,18,NULL,20,100,0,10,1,59,NULL,3,23,19);
INSERT INTO moves VALUES(205,'rollout',2,6,30,20,90,0,10,2,118,NULL,5,24,7);
INSERT INTO moves VALUES(206,'false-swipe',2,1,40,40,100,0,10,2,102,NULL,1,5,16);
INSERT INTO moves VALUES(207,'swagger',2,1,NULL,15,90,0,10,1,119,NULL,3,27,19);
INSERT INTO moves VALUES(208,'milk-drink',2,1,NULL,10,NULL,0,7,1,33,NULL,3,12,8);
INSERT INTO moves VALUES(209,'spark',2,13,65,20,100,0,10,2,7,30,1,4,5);
INSERT INTO moves VALUES(210,'fury-cutter',2,7,40,20,95,0,10,2,120,NULL,1,17,7);
INSERT INTO moves VALUES(211,'steel-wing',2,9,70,25,90,0,10,2,139,10,1,12,5);
INSERT INTO moves VALUES(212,'mean-look',2,1,NULL,5,NULL,0,10,1,107,NULL,2,18,10);
INSERT INTO moves VALUES(213,'attract',2,1,NULL,15,100,0,10,1,121,NULL,3,18,19);
INSERT INTO moves VALUES(214,'sleep-talk',2,1,NULL,10,NULL,0,7,1,98,NULL,3,17,5);
INSERT INTO moves VALUES(215,'heal-bell',2,1,NULL,5,NULL,0,13,1,103,NULL,2,28,8);
INSERT INTO moves VALUES(216,'return',2,1,NULL,20,100,0,10,2,122,NULL,3,13,17);
INSERT INTO moves VALUES(217,'present',2,1,NULL,15,90,0,10,2,123,NULL,3,17,16);
INSERT INTO moves VALUES(218,'frustration',2,1,NULL,20,100,0,10,2,124,NULL,3,13,18);
INSERT INTO moves VALUES(219,'safeguard',2,1,NULL,25,NULL,0,4,1,125,NULL,2,15,13);
INSERT INTO moves VALUES(220,'pain-split',2,1,NULL,20,NULL,0,10,1,92,NULL,4,4,10);
INSERT INTO moves VALUES(221,'sacred-fire',2,10,100,5,95,0,10,2,126,50,2,1,22);
INSERT INTO moves VALUES(222,'magnitude',2,5,NULL,30,100,0,9,2,127,NULL,5,11,18);
INSERT INTO moves VALUES(223,'dynamic-punch',2,2,100,5,50,0,10,2,77,100,1,10,18);
INSERT INTO moves VALUES(224,'megahorn',2,7,120,10,85,0,10,2,1,NULL,1,12,18);
INSERT INTO moves VALUES(225,'dragon-breath',2,16,60,20,100,0,10,3,7,30,1,5,17);
INSERT INTO moves VALUES(226,'baton-pass',2,1,NULL,40,NULL,0,7,1,128,NULL,3,18,16);
INSERT INTO moves VALUES(227,'encore',2,1,NULL,5,100,0,10,1,91,NULL,3,18,20);
INSERT INTO moves VALUES(228,'pursuit',2,17,40,20,100,0,10,2,129,NULL,4,14,20);
INSERT INTO moves VALUES(229,'rapid-spin',2,1,20,40,100,0,10,2,130,NULL,1,16,17);
INSERT INTO moves VALUES(230,'sweet-scent',2,1,NULL,20,100,0,11,1,25,NULL,3,5,19);
INSERT INTO moves VALUES(231,'iron-tail',2,9,100,15,75,0,10,2,70,30,1,4,18);
INSERT INTO moves VALUES(232,'metal-claw',2,9,50,35,95,0,10,2,140,10,1,1,18);
INSERT INTO moves VALUES(233,'vital-throw',2,2,70,10,NULL,-1,10,2,79,NULL,1,31,2);
INSERT INTO moves VALUES(234,'morning-sun',2,1,NULL,5,NULL,0,7,1,133,NULL,2,25,8);
INSERT INTO moves VALUES(235,'synthesis',2,12,NULL,5,NULL,0,7,1,133,NULL,4,25,8);
INSERT INTO moves VALUES(236,'moonlight',2,18,NULL,5,NULL,0,7,1,133,NULL,2,25,8);
INSERT INTO moves VALUES(237,'hidden-power',2,1,60,15,100,0,10,3,136,NULL,4,17,23);
INSERT INTO moves VALUES(238,'cross-chop',2,2,100,5,80,0,10,2,44,NULL,1,2,18);
INSERT INTO moves VALUES(239,'twister',2,16,40,20,100,0,11,3,147,20,1,21,5);
INSERT INTO moves VALUES(240,'rain-dance',2,11,NULL,5,NULL,0,12,1,137,NULL,5,11,13);
INSERT INTO moves VALUES(241,'sunny-day',2,10,NULL,5,NULL,0,12,1,138,NULL,2,11,13);
INSERT INTO moves VALUES(242,'crunch',2,17,80,15,100,0,10,2,70,20,5,4,18);
INSERT INTO moves VALUES(243,'mirror-coat',2,14,NULL,20,100,-5,1,3,145,NULL,2,16,15);
INSERT INTO moves VALUES(244,'psych-up',2,1,NULL,10,NULL,0,10,1,144,NULL,4,12,11);
INSERT INTO moves VALUES(245,'extreme-speed',2,1,80,5,100,2,10,2,104,NULL,1,30,1);
INSERT INTO moves VALUES(246,'ancient-power',2,6,60,5,100,0,10,3,141,10,5,32,18);
INSERT INTO moves VALUES(247,'shadow-ball',2,8,80,15,100,0,10,3,73,20,4,21,17);
INSERT INTO moves VALUES(248,'future-sight',2,14,120,10,100,0,10,3,149,NULL,4,24,17);
INSERT INTO moves VALUES(249,'rock-smash',2,2,40,15,100,0,10,2,70,50,5,29,18);
INSERT INTO moves VALUES(250,'whirlpool',2,11,35,15,85,0,10,3,262,100,2,24,21);
INSERT INTO moves VALUES(251,'beat-up',2,17,NULL,10,100,0,10,2,155,NULL,4,14,7);
INSERT INTO moves VALUES(252,'fake-out',3,1,40,10,100,3,10,2,159,100,3,23,17);
INSERT INTO moves VALUES(253,'uproar',3,1,90,10,100,0,8,3,160,NULL,3,21,10);
INSERT INTO moves VALUES(254,'stockpile',3,1,NULL,20,NULL,0,7,1,161,NULL,5,16,11);
INSERT INTO moves VALUES(255,'spit-up',3,1,NULL,10,100,0,10,3,162,NULL,5,1,18);
INSERT INTO moves VALUES(256,'swallow',3,1,NULL,10,NULL,0,7,1,163,NULL,5,32,8);
INSERT INTO moves VALUES(257,'heat-wave',3,10,95,10,90,0,11,3,5,10,2,1,17);
INSERT INTO moves VALUES(258,'hail',3,15,NULL,10,NULL,0,12,1,165,NULL,2,5,13);
INSERT INTO moves VALUES(259,'torment',3,17,NULL,15,100,0,10,1,166,NULL,5,18,16);
INSERT INTO moves VALUES(260,'flatter',3,17,NULL,15,100,0,10,1,167,NULL,4,18,19);
INSERT INTO moves VALUES(261,'will-o-wisp',3,10,NULL,15,85,0,10,1,168,NULL,2,4,17);
INSERT INTO moves VALUES(262,'memento',3,17,NULL,10,100,0,10,1,169,NULL,5,7,9);
INSERT INTO moves VALUES(263,'facade',3,1,70,20,100,0,10,2,170,NULL,3,28,15);
INSERT INTO moves VALUES(264,'focus-punch',3,2,150,20,100,-3,10,2,171,NULL,5,31,6);
INSERT INTO moves VALUES(265,'smelling-salts',3,1,70,10,100,0,10,2,172,NULL,4,9,16);
INSERT INTO moves VALUES(266,'follow-me',3,1,NULL,20,NULL,2,7,1,173,NULL,3,24,14);
INSERT INTO moves VALUES(267,'nature-power',3,1,NULL,20,NULL,0,10,1,174,NULL,2,11,14);
INSERT INTO moves VALUES(268,'charge',3,13,NULL,20,NULL,0,7,1,175,NULL,4,12,11);
INSERT INTO moves VALUES(269,'taunt',3,17,NULL,20,100,0,10,1,176,NULL,4,18,16);
INSERT INTO moves VALUES(270,'helping-hand',3,1,NULL,20,NULL,5,3,1,177,NULL,4,18,20);
INSERT INTO moves VALUES(271,'trick',3,14,NULL,10,100,0,10,1,178,NULL,4,12,12);
INSERT INTO moves VALUES(272,'role-play',3,14,NULL,10,NULL,0,10,1,179,NULL,3,20,23);
INSERT INTO moves VALUES(273,'wish',3,1,NULL,10,NULL,0,7,1,180,NULL,3,24,8);
INSERT INTO moves VALUES(274,'assist',3,1,NULL,20,NULL,0,7,1,181,NULL,3,25,14);
INSERT INTO moves VALUES(275,'ingrain',3,12,NULL,20,NULL,0,7,1,182,NULL,4,15,21);
INSERT INTO moves VALUES(276,'superpower',3,2,120,5,100,0,10,2,183,100,5,3,18);
INSERT INTO moves VALUES(277,'magic-coat',3,14,NULL,15,NULL,4,7,1,184,NULL,2,15,15);
INSERT INTO moves VALUES(278,'recycle',3,1,NULL,10,NULL,0,7,1,185,NULL,4,17,12);
INSERT INTO moves VALUES(279,'revenge',3,2,60,10,100,-4,10,2,186,NULL,5,31,15);
INSERT INTO moves VALUES(280,'brick-break',3,2,75,15,100,0,10,2,187,NULL,1,4,5);
INSERT INTO moves VALUES(281,'yawn',3,1,NULL,10,NULL,0,10,1,188,NULL,3,18,19);
INSERT INTO moves VALUES(282,'knock-off',3,17,65,20,100,0,10,2,189,NULL,4,4,5);
INSERT INTO moves VALUES(283,'endeavor',3,1,NULL,5,100,0,10,2,190,NULL,5,28,15);
INSERT INTO moves VALUES(284,'eruption',3,10,150,5,100,0,11,3,191,NULL,2,26,18);
INSERT INTO moves VALUES(285,'skill-swap',3,14,NULL,10,NULL,0,10,1,192,NULL,4,20,12);
INSERT INTO moves VALUES(286,'imprison',3,14,NULL,10,NULL,0,7,1,193,NULL,4,33,20);
INSERT INTO moves VALUES(287,'refresh',3,1,NULL,20,NULL,0,7,1,194,NULL,3,32,8);
INSERT INTO moves VALUES(288,'grudge',3,8,NULL,5,NULL,0,7,1,195,NULL,5,26,10);
INSERT INTO moves VALUES(289,'snatch',3,17,NULL,10,NULL,4,7,1,196,NULL,4,14,12);
INSERT INTO moves VALUES(290,'secret-power',3,1,70,20,100,0,10,2,198,30,4,29,14);
INSERT INTO moves VALUES(291,'dive',3,11,80,10,100,0,10,2,256,NULL,2,16,6);
INSERT INTO moves VALUES(292,'arm-thrust',3,2,15,20,100,0,10,2,30,NULL,5,10,7);
INSERT INTO moves VALUES(293,'camouflage',3,1,NULL,20,NULL,0,7,1,214,NULL,4,2,13);
INSERT INTO moves VALUES(294,'tail-glow',3,7,NULL,20,NULL,0,7,1,322,NULL,2,32,11);
INSERT INTO moves VALUES(295,'luster-purge',3,14,70,5,100,0,10,3,73,50,4,9,22);
INSERT INTO moves VALUES(296,'mist-ball',3,14,70,5,100,0,10,3,72,50,4,4,22);
INSERT INTO moves VALUES(297,'feather-dance',3,3,NULL,15,100,0,10,1,59,NULL,2,28,19);
INSERT INTO moves VALUES(298,'teeter-dance',3,1,NULL,20,100,0,9,1,200,NULL,3,6,14);
INSERT INTO moves VALUES(299,'blaze-kick',3,10,85,10,90,0,10,2,201,10,2,1,17);
INSERT INTO moves VALUES(300,'mud-sport',3,5,NULL,15,NULL,0,12,1,202,NULL,3,1,13);
INSERT INTO moves VALUES(301,'ice-ball',3,15,30,20,90,0,10,2,118,NULL,2,24,7);
INSERT INTO moves VALUES(302,'needle-arm',3,12,60,15,100,0,10,2,32,30,4,4,5);
INSERT INTO moves VALUES(303,'slack-off',3,1,NULL,10,NULL,0,7,1,33,NULL,3,26,8);
INSERT INTO moves VALUES(304,'hyper-voice',3,1,90,10,100,0,11,3,1,NULL,1,5,5);
INSERT INTO moves VALUES(305,'poison-fang',3,4,50,15,100,0,10,2,203,50,4,33,4);
INSERT INTO moves VALUES(306,'crush-claw',3,1,75,10,95,0,10,2,70,50,1,4,5);
INSERT INTO moves VALUES(307,'blast-burn',3,10,150,5,90,0,10,3,81,NULL,2,6,22);
INSERT INTO moves VALUES(308,'hydro-cannon',3,11,150,5,90,0,10,3,81,NULL,2,6,22);
INSERT INTO moves VALUES(309,'meteor-mash',3,9,90,10,90,0,10,2,140,20,1,12,18);
INSERT INTO moves VALUES(310,'astonish',3,8,30,15,100,0,10,2,32,30,4,9,5);
INSERT INTO moves VALUES(311,'weather-ball',3,1,50,10,100,0,10,3,204,NULL,4,1,4);
INSERT INTO moves VALUES(312,'aromatherapy',3,12,NULL,5,NULL,0,13,1,103,NULL,4,28,8);
INSERT INTO moves VALUES(313,'fake-tears',3,17,NULL,20,100,0,10,1,63,NULL,4,28,19);
INSERT INTO moves VALUES(314,'air-cutter',3,3,60,25,95,0,11,3,44,NULL,1,23,5);
INSERT INTO moves VALUES(315,'overheat',3,10,130,5,90,0,10,3,205,100,2,3,22);
INSERT INTO moves VALUES(316,'odor-sleuth',3,1,NULL,40,NULL,0,10,1,114,NULL,4,33,20);
INSERT INTO moves VALUES(317,'rock-tomb',3,6,60,15,95,0,10,2,71,100,4,24,2);
INSERT INTO moves VALUES(318,'silver-wind',3,7,60,5,100,0,10,3,141,10,2,32,4);
INSERT INTO moves VALUES(319,'metal-sound',3,9,NULL,40,85,0,10,1,63,NULL,4,5,10);
INSERT INTO moves VALUES(320,'grass-whistle',3,12,NULL,15,55,0,10,1,2,NULL,4,5,19);
INSERT INTO moves VALUES(321,'tickle',3,1,NULL,20,100,0,10,1,206,NULL,3,33,19);
INSERT INTO moves VALUES(322,'cosmic-power',3,14,NULL,20,NULL,0,7,1,207,NULL,1,32,11);
INSERT INTO moves VALUES(323,'water-spout',3,11,150,5,100,0,11,3,191,NULL,2,26,22);
INSERT INTO moves VALUES(324,'signal-beam',3,7,75,15,100,0,10,3,77,10,2,21,4);
INSERT INTO moves VALUES(325,'shadow-punch',3,8,60,20,NULL,0,10,2,18,NULL,4,27,17);
INSERT INTO moves VALUES(326,'extrasensory',3,14,80,20,100,0,10,3,32,10,1,4,17);
INSERT INTO moves VALUES(327,'sky-uppercut',3,2,85,15,90,0,10,2,208,NULL,1,23,17);
INSERT INTO moves VALUES(328,'sand-tomb',3,5,35,15,85,0,10,2,43,100,4,24,21);
INSERT INTO moves VALUES(329,'sheer-cold',3,15,NULL,5,30,0,10,3,39,NULL,2,14,9);
INSERT INTO moves VALUES(330,'muddy-water',3,11,90,10,85,0,11,3,74,30,5,10,18);
INSERT INTO moves VALUES(331,'bullet-seed',3,12,25,30,100,0,10,2,30,NULL,1,14,7);
INSERT INTO moves VALUES(332,'aerial-ace',3,3,60,20,NULL,0,10,2,18,NULL,1,27,17);
INSERT INTO moves VALUES(333,'icicle-spear',3,15,25,30,100,0,10,2,30,NULL,2,23,7);
INSERT INTO moves VALUES(334,'iron-defense',3,9,NULL,15,NULL,0,7,1,52,NULL,5,15,13);
INSERT INTO moves VALUES(335,'block',3,1,NULL,5,NULL,0,10,1,107,NULL,3,18,13);
INSERT INTO moves VALUES(336,'howl',3,1,NULL,40,NULL,0,7,1,11,NULL,1,32,11);
INSERT INTO moves VALUES(337,'dragon-claw',3,16,80,15,100,0,10,2,1,NULL,1,23,17);
INSERT INTO moves VALUES(338,'frenzy-plant',3,12,150,5,90,0,10,3,81,NULL,1,6,22);
INSERT INTO moves VALUES(339,'bulk-up',3,2,NULL,20,NULL,0,7,1,209,NULL,2,32,11);
INSERT INTO moves VALUES(340,'bounce',3,3,85,5,85,0,10,2,264,30,3,15,6);
INSERT INTO moves VALUES(341,'mud-shot',3,5,55,15,95,0,10,3,71,100,5,5,2);
INSERT INTO moves VALUES(342,'poison-tail',3,4,50,25,100,0,10,2,210,10,4,33,4);
INSERT INTO moves VALUES(343,'covet',3,1,60,25,100,0,10,2,106,NULL,3,20,12);
INSERT INTO moves VALUES(344,'volt-tackle',3,13,120,15,100,0,10,2,263,10,1,3,22);
INSERT INTO moves VALUES(345,'magical-leaf',3,12,60,20,NULL,0,10,3,18,NULL,2,27,17);
INSERT INTO moves VALUES(346,'water-sport',3,11,NULL,15,NULL,0,12,1,211,NULL,3,1,13);
INSERT INTO moves VALUES(347,'calm-mind',3,14,NULL,20,NULL,0,7,1,212,NULL,4,16,11);
INSERT INTO moves VALUES(348,'leaf-blade',3,12,90,15,100,0,10,2,44,NULL,1,2,17);
INSERT INTO moves VALUES(349,'dragon-dance',3,16,NULL,20,NULL,0,7,1,213,NULL,1,32,11);
INSERT INTO moves VALUES(350,'rock-blast',3,6,25,10,90,0,10,2,30,NULL,5,12,7);
INSERT INTO moves VALUES(351,'shock-wave',3,13,60,20,NULL,0,10,3,18,NULL,1,27,17);
INSERT INTO moves VALUES(352,'water-pulse',3,11,60,20,100,0,10,3,77,20,2,21,17);
INSERT INTO moves VALUES(353,'doom-desire',3,9,140,5,100,0,10,3,149,NULL,1,24,17);
INSERT INTO moves VALUES(354,'psycho-boost',3,14,140,5,90,0,10,3,205,100,4,3,22);
INSERT INTO moves VALUES(355,'roost',4,3,NULL,10,NULL,0,7,1,215,NULL,1,NULL,8);
INSERT INTO moves VALUES(356,'gravity',4,14,NULL,5,NULL,0,12,1,216,NULL,2,NULL,13);
INSERT INTO moves VALUES(357,'miracle-eye',4,14,NULL,40,NULL,0,10,1,217,NULL,3,NULL,20);
INSERT INTO moves VALUES(358,'wake-up-slap',4,2,70,10,100,0,10,2,218,NULL,4,NULL,16);
INSERT INTO moves VALUES(359,'hammer-arm',4,2,100,10,90,0,10,2,219,100,1,NULL,2);
INSERT INTO moves VALUES(360,'gyro-ball',4,9,NULL,5,100,0,10,2,220,NULL,2,NULL,15);
INSERT INTO moves VALUES(361,'healing-wish',4,14,NULL,10,NULL,0,7,1,221,NULL,3,NULL,8);
INSERT INTO moves VALUES(362,'brine',4,11,65,10,100,0,10,3,222,NULL,4,NULL,4);
INSERT INTO moves VALUES(363,'natural-gift',4,1,NULL,15,100,0,10,2,223,NULL,1,NULL,18);
INSERT INTO moves VALUES(364,'feint',4,1,30,10,100,2,10,2,224,NULL,2,NULL,16);
INSERT INTO moves VALUES(365,'pluck',4,3,60,20,100,0,10,2,225,NULL,3,NULL,12);
INSERT INTO moves VALUES(366,'tailwind',4,3,NULL,15,NULL,0,4,1,226,NULL,4,NULL,1);
INSERT INTO moves VALUES(367,'acupressure',4,1,NULL,30,NULL,0,5,1,227,NULL,1,NULL,11);
INSERT INTO moves VALUES(368,'metal-burst',4,9,NULL,10,100,0,1,2,228,NULL,2,NULL,15);
INSERT INTO moves VALUES(369,'u-turn',4,7,70,20,100,0,10,2,229,NULL,3,NULL,16);
INSERT INTO moves VALUES(370,'close-combat',4,2,120,5,100,0,10,2,230,100,4,NULL,22);
INSERT INTO moves VALUES(371,'payback',4,17,50,10,100,0,10,2,231,NULL,1,NULL,6);
INSERT INTO moves VALUES(372,'assurance',4,17,60,10,100,0,10,2,232,NULL,2,NULL,15);
INSERT INTO moves VALUES(373,'embargo',4,17,NULL,15,100,0,10,1,233,NULL,3,NULL,13);
INSERT INTO moves VALUES(374,'fling',4,17,NULL,10,100,0,10,2,234,NULL,5,NULL,23);
INSERT INTO moves VALUES(375,'psycho-shift',4,14,NULL,10,100,0,10,1,235,NULL,1,NULL,16);
INSERT INTO moves VALUES(376,'trump-card',4,1,NULL,5,NULL,0,10,3,236,NULL,1,NULL,21);
INSERT INTO moves VALUES(377,'heal-block',4,14,NULL,15,100,0,11,1,237,NULL,3,NULL,13);
INSERT INTO moves VALUES(378,'wring-out',4,1,NULL,5,100,0,10,3,238,NULL,4,NULL,22);
INSERT INTO moves VALUES(379,'power-trick',4,14,NULL,10,NULL,0,7,1,239,NULL,1,NULL,16);
INSERT INTO moves VALUES(380,'gastro-acid',4,4,NULL,10,100,0,10,1,240,NULL,2,NULL,13);
INSERT INTO moves VALUES(381,'lucky-chant',4,1,NULL,30,NULL,0,4,1,241,NULL,3,NULL,13);
INSERT INTO moves VALUES(382,'me-first',4,1,NULL,20,NULL,0,2,1,242,NULL,3,NULL,1);
INSERT INTO moves VALUES(383,'copycat',4,1,NULL,20,NULL,0,7,1,243,NULL,1,NULL,12);
INSERT INTO moves VALUES(384,'power-swap',4,14,NULL,10,NULL,0,10,1,244,NULL,2,NULL,16);
INSERT INTO moves VALUES(385,'guard-swap',4,14,NULL,10,NULL,0,10,1,245,NULL,3,NULL,16);
INSERT INTO moves VALUES(386,'punishment',4,17,NULL,5,100,0,10,2,246,NULL,4,NULL,23);
INSERT INTO moves VALUES(387,'last-resort',4,1,140,5,100,0,10,2,247,NULL,3,NULL,21);
INSERT INTO moves VALUES(388,'worry-seed',4,12,NULL,10,100,0,10,1,248,NULL,2,NULL,19);
INSERT INTO moves VALUES(389,'sucker-punch',4,17,80,5,100,1,10,2,249,NULL,4,NULL,1);
INSERT INTO moves VALUES(390,'toxic-spikes',4,4,NULL,20,NULL,0,6,1,250,NULL,4,NULL,13);
INSERT INTO moves VALUES(391,'heart-swap',4,14,NULL,10,NULL,0,10,1,251,NULL,1,NULL,16);
INSERT INTO moves VALUES(392,'aqua-ring',4,11,NULL,20,NULL,0,7,1,252,NULL,2,NULL,8);
INSERT INTO moves VALUES(393,'magnet-rise',4,13,NULL,10,NULL,0,7,1,253,NULL,3,NULL,13);
INSERT INTO moves VALUES(394,'flare-blitz',4,10,120,15,100,0,10,2,254,10,4,NULL,22);
INSERT INTO moves VALUES(395,'force-palm',4,2,60,10,100,0,10,2,7,30,1,NULL,18);
INSERT INTO moves VALUES(396,'aura-sphere',4,2,80,20,NULL,0,10,3,18,NULL,2,NULL,17);
INSERT INTO moves VALUES(397,'rock-polish',4,6,NULL,20,NULL,0,7,1,53,NULL,5,NULL,1);
INSERT INTO moves VALUES(398,'poison-jab',4,4,80,20,100,0,10,2,3,30,4,NULL,4);
INSERT INTO moves VALUES(399,'dark-pulse',4,17,80,15,100,0,10,3,32,20,1,NULL,17);
INSERT INTO moves VALUES(400,'night-slash',4,17,70,15,100,0,10,2,44,NULL,2,NULL,5);
INSERT INTO moves VALUES(401,'aqua-tail',4,11,90,10,90,0,10,2,1,NULL,3,NULL,5);
INSERT INTO moves VALUES(402,'seed-bomb',4,12,80,15,100,0,10,2,1,NULL,4,NULL,5);
INSERT INTO moves VALUES(403,'air-slash',4,3,75,15,95,0,10,3,32,30,1,NULL,17);
INSERT INTO moves VALUES(404,'x-scissor',4,7,80,15,100,0,10,2,1,NULL,2,NULL,17);
INSERT INTO moves VALUES(405,'bug-buzz',4,7,90,10,100,0,10,3,73,10,3,NULL,4);
INSERT INTO moves VALUES(406,'dragon-pulse',4,16,85,10,100,0,10,3,1,NULL,4,NULL,4);
INSERT INTO moves VALUES(407,'dragon-rush',4,16,100,10,75,0,10,2,32,20,1,NULL,18);
INSERT INTO moves VALUES(408,'power-gem',4,6,80,20,100,0,10,3,1,NULL,2,NULL,5);
INSERT INTO moves VALUES(409,'drain-punch',4,2,75,10,100,0,10,2,4,NULL,2,NULL,20);
INSERT INTO moves VALUES(410,'vacuum-wave',4,2,40,30,100,1,10,3,104,NULL,4,NULL,1);
INSERT INTO moves VALUES(411,'focus-blast',4,2,120,5,70,0,10,3,73,10,1,NULL,17);
INSERT INTO moves VALUES(412,'energy-ball',4,12,90,10,100,0,10,3,73,10,2,NULL,17);
INSERT INTO moves VALUES(413,'brave-bird',4,3,120,15,100,0,10,2,199,NULL,3,NULL,18);
INSERT INTO moves VALUES(414,'earth-power',4,5,90,10,100,0,10,3,73,10,4,NULL,18);
INSERT INTO moves VALUES(415,'switcheroo',4,17,NULL,10,100,0,10,1,178,NULL,1,NULL,12);
INSERT INTO moves VALUES(416,'giga-impact',4,1,150,5,90,0,10,2,81,NULL,2,NULL,22);
INSERT INTO moves VALUES(417,'nasty-plot',4,17,NULL,20,NULL,0,7,1,54,NULL,3,NULL,11);
INSERT INTO moves VALUES(418,'bullet-punch',4,9,40,30,100,1,10,2,104,NULL,4,NULL,1);
INSERT INTO moves VALUES(419,'avalanche',4,15,60,10,100,-4,10,2,186,NULL,1,NULL,15);
INSERT INTO moves VALUES(420,'ice-shard',4,15,40,30,100,1,10,2,104,NULL,2,NULL,1);
INSERT INTO moves VALUES(421,'shadow-claw',4,8,70,15,100,0,10,2,44,NULL,3,NULL,17);
INSERT INTO moves VALUES(422,'thunder-fang',4,13,65,15,95,0,10,2,276,10,4,NULL,5);
INSERT INTO moves VALUES(423,'ice-fang',4,15,65,15,95,0,10,2,275,10,1,NULL,5);
INSERT INTO moves VALUES(424,'fire-fang',4,10,65,15,95,0,10,2,274,10,2,NULL,5);
INSERT INTO moves VALUES(425,'shadow-sneak',4,8,40,30,100,1,10,2,104,NULL,4,NULL,1);
INSERT INTO moves VALUES(426,'mud-bomb',4,5,65,10,85,0,10,3,74,30,4,NULL,18);
INSERT INTO moves VALUES(427,'psycho-cut',4,14,70,20,100,0,10,2,44,NULL,1,NULL,17);
INSERT INTO moves VALUES(428,'zen-headbutt',4,14,80,15,90,0,10,2,32,20,2,NULL,18);
INSERT INTO moves VALUES(429,'mirror-shot',4,9,65,10,85,0,10,3,74,30,3,NULL,17);
INSERT INTO moves VALUES(430,'flash-cannon',4,9,80,10,100,0,10,3,73,10,4,NULL,17);
INSERT INTO moves VALUES(431,'rock-climb',4,1,90,20,85,0,10,2,77,20,1,NULL,18);
INSERT INTO moves VALUES(432,'defog',4,3,NULL,15,NULL,0,10,1,259,NULL,2,NULL,13);
INSERT INTO moves VALUES(433,'trick-room',4,14,NULL,5,NULL,-7,12,1,260,NULL,3,NULL,14);
INSERT INTO moves VALUES(434,'draco-meteor',4,16,130,5,90,0,10,3,205,100,4,NULL,22);
INSERT INTO moves VALUES(435,'discharge',4,13,80,15,100,0,9,3,7,30,1,NULL,17);
INSERT INTO moves VALUES(436,'lava-plume',4,10,80,15,100,0,9,3,5,30,5,NULL,17);
INSERT INTO moves VALUES(437,'leaf-storm',4,12,130,5,90,0,10,3,205,100,3,NULL,22);
INSERT INTO moves VALUES(438,'power-whip',4,12,120,10,85,0,10,2,1,NULL,2,NULL,5);
INSERT INTO moves VALUES(439,'rock-wrecker',4,6,150,5,90,0,10,2,81,NULL,5,NULL,22);
INSERT INTO moves VALUES(440,'cross-poison',4,4,70,20,100,0,10,2,210,10,1,NULL,5);
INSERT INTO moves VALUES(441,'gunk-shot',4,4,120,5,80,0,10,2,3,30,1,NULL,5);
INSERT INTO moves VALUES(442,'iron-head',4,9,80,15,100,0,10,2,32,30,5,NULL,18);
INSERT INTO moves VALUES(443,'magnet-bomb',4,9,60,20,NULL,0,10,2,18,NULL,1,NULL,5);
INSERT INTO moves VALUES(444,'stone-edge',4,6,100,5,80,0,10,2,44,NULL,5,NULL,4);
INSERT INTO moves VALUES(445,'captivate',4,1,NULL,20,100,0,11,1,266,NULL,2,NULL,19);
INSERT INTO moves VALUES(446,'stealth-rock',4,6,NULL,20,NULL,0,6,1,267,NULL,1,NULL,13);
INSERT INTO moves VALUES(447,'grass-knot',4,12,NULL,20,100,0,10,3,197,NULL,4,NULL,4);
INSERT INTO moves VALUES(448,'chatter',4,3,65,20,100,0,10,3,268,100,4,NULL,23);
INSERT INTO moves VALUES(449,'judgment',4,1,100,10,100,0,10,3,269,NULL,4,NULL,14);
INSERT INTO moves VALUES(450,'bug-bite',4,7,60,20,100,0,10,2,225,NULL,5,NULL,12);
INSERT INTO moves VALUES(451,'charge-beam',4,13,50,10,90,0,10,3,277,70,2,NULL,17);
INSERT INTO moves VALUES(452,'wood-hammer',4,12,120,15,100,0,10,2,199,NULL,5,NULL,18);
INSERT INTO moves VALUES(453,'aqua-jet',4,11,40,20,100,1,10,2,104,NULL,2,NULL,1);
INSERT INTO moves VALUES(454,'attack-order',4,7,90,15,100,0,10,2,44,NULL,4,NULL,4);
INSERT INTO moves VALUES(455,'defend-order',4,7,NULL,10,NULL,0,7,1,207,NULL,4,NULL,11);
INSERT INTO moves VALUES(456,'heal-order',4,7,NULL,10,NULL,0,7,1,33,NULL,4,NULL,8);
INSERT INTO moves VALUES(457,'head-smash',4,6,150,5,80,0,10,2,270,NULL,5,NULL,22);
INSERT INTO moves VALUES(458,'double-hit',4,1,35,10,90,0,10,2,45,NULL,4,NULL,7);
INSERT INTO moves VALUES(459,'roar-of-time',4,16,150,5,90,0,10,3,81,NULL,1,NULL,22);
INSERT INTO moves VALUES(460,'spacial-rend',4,16,100,5,95,0,10,3,44,NULL,5,NULL,4);
INSERT INTO moves VALUES(461,'lunar-dance',4,14,NULL,10,NULL,0,7,1,271,NULL,2,NULL,8);
INSERT INTO moves VALUES(462,'crush-grip',4,1,NULL,5,100,0,10,2,238,NULL,5,NULL,15);
INSERT INTO moves VALUES(463,'magma-storm',4,10,100,5,75,0,10,3,43,100,5,NULL,7);
INSERT INTO moves VALUES(464,'dark-void',4,17,NULL,10,80,0,11,1,2,NULL,4,NULL,19);
INSERT INTO moves VALUES(465,'seed-flare',4,12,120,5,85,0,10,3,272,40,1,NULL,22);
INSERT INTO moves VALUES(466,'ominous-wind',4,8,60,5,100,0,10,3,141,10,4,NULL,11);
INSERT INTO moves VALUES(467,'shadow-force',4,8,120,5,100,0,10,2,273,NULL,4,NULL,22);
INSERT INTO moves VALUES(468,'hone-claws',5,17,NULL,15,NULL,0,7,1,278,NULL,NULL,NULL,NULL);
INSERT INTO moves VALUES(469,'wide-guard',5,6,NULL,10,NULL,3,4,1,279,NULL,NULL,NULL,NULL);
INSERT INTO moves VALUES(470,'guard-split',5,14,NULL,10,NULL,0,10,1,280,NULL,NULL,NULL,NULL);
INSERT INTO moves VALUES(471,'power-split',5,14,NULL,10,NULL,0,10,1,281,NULL,NULL,NULL,NULL);
INSERT INTO moves VALUES(472,'wonder-room',5,14,NULL,10,NULL,0,12,1,282,NULL,NULL,NULL,NULL);
INSERT INTO moves VALUES(473,'psyshock',5,14,80,10,100,0,10,3,283,NULL,NULL,NULL,NULL);
INSERT INTO moves VALUES(474,'venoshock',5,4,65,10,100,0,10,3,284,NULL,NULL,NULL,NULL);
INSERT INTO moves VALUES(475,'autotomize',5,9,NULL,15,NULL,0,7,1,285,NULL,NULL,NULL,NULL);
INSERT INTO moves VALUES(476,'rage-powder',5,7,NULL,20,NULL,2,7,1,173,NULL,NULL,NULL,NULL);
INSERT INTO moves VALUES(477,'telekinesis',5,14,NULL,15,NULL,0,10,1,286,NULL,NULL,NULL,NULL);
INSERT INTO moves VALUES(478,'magic-room',5,14,NULL,10,NULL,0,12,1,287,NULL,NULL,NULL,NULL);
INSERT INTO moves VALUES(479,'smack-down',5,6,50,15,100,0,10,2,288,100,NULL,NULL,NULL);
INSERT INTO moves VALUES(480,'storm-throw',5,2,60,10,100,0,10,2,289,NULL,NULL,NULL,NULL);
INSERT INTO moves VALUES(481,'flame-burst',5,10,70,15,100,0,10,3,290,NULL,NULL,NULL,NULL);
INSERT INTO moves VALUES(482,'sludge-wave',5,4,95,10,100,0,9,3,3,10,NULL,NULL,NULL);
INSERT INTO moves VALUES(483,'quiver-dance',5,7,NULL,20,NULL,0,7,1,291,NULL,NULL,NULL,NULL);
INSERT INTO moves VALUES(484,'heavy-slam',5,9,NULL,10,100,0,10,2,292,NULL,NULL,NULL,NULL);
INSERT INTO moves VALUES(485,'synchronoise',5,14,120,10,100,0,9,3,293,NULL,NULL,NULL,NULL);
INSERT INTO moves VALUES(486,'electro-ball',5,13,NULL,10,100,0,10,3,294,NULL,NULL,NULL,NULL);
INSERT INTO moves VALUES(487,'soak',5,11,NULL,20,100,0,10,1,295,NULL,NULL,NULL,NULL);
INSERT INTO moves VALUES(488,'flame-charge',5,10,50,20,100,0,10,2,296,100,NULL,NULL,NULL);
INSERT INTO moves VALUES(489,'coil',5,4,NULL,20,NULL,0,7,1,323,NULL,NULL,NULL,NULL);
INSERT INTO moves VALUES(490,'low-sweep',5,2,65,20,100,0,10,2,21,100,NULL,NULL,NULL);
INSERT INTO moves VALUES(491,'acid-spray',5,4,40,20,100,0,10,3,297,100,NULL,NULL,NULL);
INSERT INTO moves VALUES(492,'foul-play',5,17,95,15,100,0,10,2,298,NULL,NULL,NULL,NULL);
INSERT INTO moves VALUES(493,'simple-beam',5,1,NULL,15,100,0,10,1,299,NULL,NULL,NULL,NULL);
INSERT INTO moves VALUES(494,'entrainment',5,1,NULL,15,100,0,10,1,300,NULL,NULL,NULL,NULL);
INSERT INTO moves VALUES(495,'after-you',5,1,NULL,15,NULL,0,10,1,301,NULL,NULL,NULL,NULL);
INSERT INTO moves VALUES(496,'round',5,1,60,15,100,0,10,3,302,NULL,NULL,NULL,NULL);
INSERT INTO moves VALUES(497,'echoed-voice',5,1,40,15,100,0,10,3,303,NULL,NULL,NULL,NULL);
INSERT INTO moves VALUES(498,'chip-away',5,1,70,20,100,0,10,2,304,NULL,NULL,NULL,NULL);
INSERT INTO moves VALUES(499,'clear-smog',5,4,50,15,NULL,0,10,3,305,NULL,NULL,NULL,NULL);
INSERT INTO moves VALUES(500,'stored-power',5,14,20,10,100,0,10,3,306,NULL,NULL,NULL,NULL);
INSERT INTO moves VALUES(501,'quick-guard',5,2,NULL,15,NULL,3,4,1,307,NULL,NULL,NULL,NULL);
INSERT INTO moves VALUES(502,'ally-switch',5,14,NULL,15,NULL,1,7,1,308,NULL,NULL,NULL,NULL);
INSERT INTO moves VALUES(503,'scald',5,11,80,15,100,0,10,3,5,30,NULL,NULL,NULL);
INSERT INTO moves VALUES(504,'shell-smash',5,1,NULL,15,NULL,0,7,1,309,NULL,NULL,NULL,NULL);
INSERT INTO moves VALUES(505,'heal-pulse',5,14,NULL,10,NULL,0,10,1,310,NULL,NULL,NULL,NULL);
INSERT INTO moves VALUES(506,'hex',5,8,65,10,100,0,10,3,311,NULL,NULL,NULL,NULL);
INSERT INTO moves VALUES(507,'sky-drop',5,3,60,10,100,0,10,2,312,NULL,NULL,NULL,NULL);
INSERT INTO moves VALUES(508,'shift-gear',5,9,NULL,10,NULL,0,7,1,313,NULL,NULL,NULL,NULL);
INSERT INTO moves VALUES(509,'circle-throw',5,2,60,10,90,-6,10,2,314,NULL,NULL,NULL,NULL);
INSERT INTO moves VALUES(510,'incinerate',5,10,60,15,100,0,11,3,315,NULL,NULL,NULL,NULL);
INSERT INTO moves VALUES(511,'quash',5,17,NULL,15,100,0,10,1,316,NULL,NULL,NULL,NULL);
INSERT INTO moves VALUES(512,'acrobatics',5,3,55,15,100,0,10,2,318,NULL,NULL,NULL,NULL);
INSERT INTO moves VALUES(513,'reflect-type',5,1,NULL,15,NULL,0,10,1,319,NULL,NULL,NULL,NULL);
INSERT INTO moves VALUES(514,'retaliate',5,1,70,5,100,0,10,2,320,NULL,NULL,NULL,NULL);
INSERT INTO moves VALUES(515,'final-gambit',5,2,NULL,5,100,0,10,3,321,NULL,NULL,NULL,NULL);
INSERT INTO moves VALUES(516,'bestow',5,1,NULL,15,NULL,0,10,1,324,NULL,NULL,NULL,NULL);
INSERT INTO moves VALUES(517,'inferno',5,10,100,5,50,0,10,3,5,100,NULL,NULL,NULL);
INSERT INTO moves VALUES(518,'water-pledge',5,11,80,10,100,0,10,3,325,NULL,NULL,NULL,NULL);
INSERT INTO moves VALUES(519,'fire-pledge',5,10,80,10,100,0,10,3,326,NULL,NULL,NULL,NULL);
INSERT INTO moves VALUES(520,'grass-pledge',5,12,80,10,100,0,10,3,327,NULL,NULL,NULL,NULL);
INSERT INTO moves VALUES(521,'volt-switch',5,13,70,20,100,0,10,3,229,NULL,NULL,NULL,NULL);
INSERT INTO moves VALUES(522,'struggle-bug',5,7,50,20,100,0,11,3,72,100,NULL,NULL,NULL);
INSERT INTO moves VALUES(523,'bulldoze',5,5,60,20,100,0,9,2,71,100,NULL,NULL,NULL);
INSERT INTO moves VALUES(524,'frost-breath',5,15,60,10,90,0,10,3,289,100,NULL,NULL,NULL);
INSERT INTO moves VALUES(525,'dragon-tail',5,16,60,10,90,-6,10,2,314,NULL,NULL,NULL,NULL);
INSERT INTO moves VALUES(526,'work-up',5,1,NULL,30,NULL,0,7,1,328,NULL,NULL,NULL,NULL);
INSERT INTO moves VALUES(527,'electroweb',5,13,55,15,95,0,11,3,21,100,NULL,NULL,NULL);
INSERT INTO moves VALUES(528,'wild-charge',5,13,90,15,100,0,10,2,49,NULL,NULL,NULL,NULL);
INSERT INTO moves VALUES(529,'drill-run',5,5,80,10,95,0,10,2,44,NULL,NULL,NULL,NULL);
INSERT INTO moves VALUES(530,'dual-chop',5,16,40,15,90,0,10,2,45,NULL,NULL,NULL,NULL);
INSERT INTO moves VALUES(531,'heart-stamp',5,14,60,25,100,0,10,2,32,30,NULL,NULL,NULL);
INSERT INTO moves VALUES(532,'horn-leech',5,12,75,10,100,0,10,2,4,NULL,NULL,NULL,NULL);
INSERT INTO moves VALUES(533,'sacred-sword',5,2,90,15,100,0,10,2,304,NULL,NULL,NULL,NULL);
INSERT INTO moves VALUES(534,'razor-shell',5,11,75,10,95,0,10,2,70,50,NULL,NULL,NULL);
INSERT INTO moves VALUES(535,'heat-crash',5,10,NULL,10,100,0,10,2,292,NULL,NULL,NULL,NULL);
INSERT INTO moves VALUES(536,'leaf-tornado',5,12,65,10,90,0,10,3,74,50,NULL,NULL,NULL);
INSERT INTO moves VALUES(537,'steamroller',5,7,65,20,100,0,10,2,151,30,NULL,NULL,NULL);
INSERT INTO moves VALUES(538,'cotton-guard',5,12,NULL,10,NULL,0,7,1,329,NULL,NULL,NULL,NULL);
INSERT INTO moves VALUES(539,'night-daze',5,17,85,10,95,0,10,3,74,40,NULL,NULL,NULL);
INSERT INTO moves VALUES(540,'psystrike',5,14,100,10,100,0,10,3,283,NULL,NULL,NULL,NULL);
INSERT INTO moves VALUES(541,'tail-slap',5,1,25,10,85,0,10,2,30,NULL,NULL,NULL,NULL);
INSERT INTO moves VALUES(542,'hurricane',5,3,110,10,70,0,10,3,338,30,NULL,NULL,NULL);
INSERT INTO moves VALUES(543,'head-charge',5,1,120,15,100,0,10,2,49,NULL,NULL,NULL,NULL);
INSERT INTO moves VALUES(544,'gear-grind',5,9,50,15,85,0,10,2,45,NULL,NULL,NULL,NULL);
INSERT INTO moves VALUES(545,'searing-shot',5,10,100,5,100,0,9,3,5,30,NULL,NULL,NULL);
INSERT INTO moves VALUES(546,'techno-blast',5,1,120,5,100,0,10,3,269,NULL,NULL,NULL,NULL);
INSERT INTO moves VALUES(547,'relic-song',5,1,75,10,100,0,11,3,330,10,NULL,NULL,NULL);
INSERT INTO moves VALUES(548,'secret-sword',5,2,85,10,100,0,10,3,283,NULL,NULL,NULL,NULL);
INSERT INTO moves VALUES(549,'glaciate',5,15,65,10,95,0,11,3,331,100,NULL,NULL,NULL);
INSERT INTO moves VALUES(550,'bolt-strike',5,13,130,5,85,0,10,2,7,20,NULL,NULL,NULL);
INSERT INTO moves VALUES(551,'blue-flare',5,10,130,5,85,0,10,3,5,20,NULL,NULL,NULL);
INSERT INTO moves VALUES(552,'fiery-dance',5,10,80,10,100,0,10,3,277,50,NULL,NULL,NULL);
INSERT INTO moves VALUES(553,'freeze-shock',5,15,140,5,90,0,10,2,332,30,NULL,NULL,NULL);
INSERT INTO moves VALUES(554,'ice-burn',5,15,140,5,90,0,10,3,333,30,NULL,NULL,NULL);
INSERT INTO moves VALUES(555,'snarl',5,17,55,15,95,0,11,3,72,100,NULL,NULL,NULL);
INSERT INTO moves VALUES(556,'icicle-crash',5,15,85,10,90,0,10,2,32,30,NULL,NULL,NULL);
INSERT INTO moves VALUES(557,'v-create',5,10,180,5,95,0,10,2,335,100,NULL,NULL,NULL);
INSERT INTO moves VALUES(558,'fusion-flare',5,10,100,5,100,0,10,3,336,NULL,NULL,NULL,NULL);
INSERT INTO moves VALUES(559,'fusion-bolt',5,13,100,5,100,0,10,2,337,NULL,NULL,NULL,NULL);
INSERT INTO moves VALUES(560,'flying-press',6,2,80,10,95,0,10,2,339,NULL,NULL,NULL,NULL);
INSERT INTO moves VALUES(561,'mat-block',6,2,NULL,10,NULL,0,4,1,340,NULL,NULL,NULL,NULL);
INSERT INTO moves VALUES(562,'belch',6,4,120,10,90,0,10,3,341,NULL,NULL,NULL,NULL);
INSERT INTO moves VALUES(563,'rototiller',6,5,NULL,10,NULL,0,14,1,342,100,NULL,NULL,NULL);
INSERT INTO moves VALUES(564,'sticky-web',6,7,NULL,20,NULL,0,6,1,343,NULL,NULL,NULL,NULL);
INSERT INTO moves VALUES(565,'fell-stinger',6,7,30,25,100,0,10,2,344,NULL,NULL,NULL,NULL);
INSERT INTO moves VALUES(566,'phantom-force',6,8,90,10,100,0,10,2,273,NULL,NULL,NULL,NULL);
INSERT INTO moves VALUES(567,'trick-or-treat',6,8,NULL,20,100,0,10,1,345,NULL,NULL,NULL,NULL);
INSERT INTO moves VALUES(568,'noble-roar',6,1,NULL,30,100,0,10,1,346,100,NULL,NULL,NULL);
INSERT INTO moves VALUES(569,'ion-deluge',6,13,NULL,25,NULL,1,12,1,347,NULL,NULL,NULL,NULL);
INSERT INTO moves VALUES(570,'parabolic-charge',6,13,50,20,100,0,9,3,348,NULL,NULL,NULL,NULL);
INSERT INTO moves VALUES(571,'forests-curse',6,12,NULL,20,100,0,10,1,349,NULL,NULL,NULL,NULL);
INSERT INTO moves VALUES(572,'petal-blizzard',6,12,90,15,100,0,9,2,1,NULL,NULL,NULL,NULL);
INSERT INTO moves VALUES(573,'freeze-dry',6,15,70,20,100,0,10,3,350,10,NULL,NULL,NULL);
INSERT INTO moves VALUES(574,'disarming-voice',6,18,40,15,NULL,0,11,3,18,NULL,NULL,NULL,NULL);
INSERT INTO moves VALUES(575,'parting-shot',6,17,NULL,20,100,0,10,1,351,100,NULL,NULL,NULL);
INSERT INTO moves VALUES(576,'topsy-turvy',6,17,NULL,20,NULL,0,10,1,352,NULL,NULL,NULL,NULL);
INSERT INTO moves VALUES(577,'draining-kiss',6,18,50,10,100,0,10,3,353,NULL,NULL,NULL,NULL);
INSERT INTO moves VALUES(578,'crafty-shield',6,18,NULL,10,NULL,3,4,1,354,NULL,NULL,NULL,NULL);
INSERT INTO moves VALUES(579,'flower-shield',6,18,NULL,10,NULL,0,14,1,355,100,NULL,NULL,NULL);
INSERT INTO moves VALUES(580,'grassy-terrain',6,12,NULL,10,NULL,0,12,1,356,NULL,NULL,NULL,NULL);
INSERT INTO moves VALUES(581,'misty-terrain',6,18,NULL,10,NULL,0,12,1,357,NULL,NULL,NULL,NULL);
INSERT INTO moves VALUES(582,'electrify',6,13,NULL,20,NULL,0,10,1,358,NULL,NULL,NULL,NULL);
INSERT INTO moves VALUES(583,'play-rough',6,18,90,10,90,0,10,2,69,10,NULL,NULL,NULL);
INSERT INTO moves VALUES(584,'fairy-wind',6,18,40,30,100,0,10,3,1,NULL,NULL,NULL,NULL);
INSERT INTO moves VALUES(585,'moonblast',6,18,95,15,100,0,10,3,72,30,NULL,NULL,NULL);
INSERT INTO moves VALUES(586,'boomburst',6,1,140,10,100,0,9,3,1,NULL,NULL,NULL,NULL);
INSERT INTO moves VALUES(587,'fairy-lock',6,18,NULL,10,NULL,0,12,1,359,NULL,NULL,NULL,NULL);
INSERT INTO moves VALUES(588,'kings-shield',6,9,NULL,10,NULL,4,7,1,360,NULL,NULL,NULL,NULL);
INSERT INTO moves VALUES(589,'play-nice',6,1,NULL,20,NULL,0,10,1,19,100,NULL,NULL,NULL);
INSERT INTO moves VALUES(590,'confide',6,1,NULL,20,NULL,0,10,1,361,100,NULL,NULL,NULL);
INSERT INTO moves VALUES(591,'diamond-storm',6,6,100,5,95,0,11,2,139,50,NULL,NULL,NULL);
INSERT INTO moves VALUES(592,'steam-eruption',6,11,110,5,95,0,10,3,5,30,NULL,NULL,NULL);
INSERT INTO moves VALUES(593,'hyperspace-hole',6,14,80,5,NULL,0,10,3,10007,NULL,NULL,NULL,NULL);
INSERT INTO moves VALUES(594,'water-shuriken',6,11,15,20,100,1,10,2,30,NULL,NULL,NULL,NULL);
INSERT INTO moves VALUES(595,'mystical-fire',6,10,65,10,100,0,10,3,72,100,NULL,NULL,NULL);
INSERT INTO moves VALUES(596,'spiky-shield',6,12,NULL,10,NULL,4,7,1,362,NULL,NULL,NULL,NULL);
INSERT INTO moves VALUES(597,'aromatic-mist',6,18,NULL,20,NULL,0,3,1,363,NULL,NULL,NULL,NULL);
INSERT INTO moves VALUES(598,'eerie-impulse',6,13,NULL,15,100,0,10,1,369,NULL,NULL,NULL,NULL);
INSERT INTO moves VALUES(599,'venom-drench',6,4,NULL,20,100,0,11,1,364,100,NULL,NULL,NULL);
INSERT INTO moves VALUES(600,'powder',6,7,NULL,20,100,1,10,1,365,NULL,NULL,NULL,NULL);
INSERT INTO moves VALUES(601,'geomancy',6,18,NULL,10,NULL,0,7,1,366,NULL,NULL,NULL,NULL);
INSERT INTO moves VALUES(602,'magnetic-flux',6,13,NULL,20,NULL,0,13,1,367,NULL,NULL,NULL,NULL);
INSERT INTO moves VALUES(603,'happy-hour',6,1,NULL,30,NULL,0,4,1,370,NULL,NULL,NULL,NULL);
INSERT INTO moves VALUES(604,'electric-terrain',6,13,NULL,10,NULL,0,12,1,368,NULL,NULL,NULL,NULL);
INSERT INTO moves VALUES(605,'dazzling-gleam',6,18,80,10,100,0,11,3,1,NULL,NULL,NULL,NULL);
INSERT INTO moves VALUES(606,'celebrate',6,1,NULL,40,NULL,0,7,1,10007,NULL,NULL,NULL,NULL);
INSERT INTO moves VALUES(607,'hold-hands',6,1,NULL,40,NULL,0,3,1,10007,NULL,NULL,NULL,NULL);
INSERT INTO moves VALUES(608,'baby-doll-eyes',6,18,NULL,30,100,1,10,1,19,NULL,NULL,NULL,NULL);
INSERT INTO moves VALUES(609,'nuzzle',6,13,20,20,100,0,10,2,7,100,NULL,NULL,NULL);
INSERT INTO moves VALUES(610,'hold-back',6,1,40,40,100,0,10,2,102,NULL,NULL,NULL,NULL);
INSERT INTO moves VALUES(611,'infestation',6,7,20,20,100,0,10,3,43,100,NULL,NULL,NULL);
INSERT INTO moves VALUES(612,'power-up-punch',6,2,40,20,100,0,10,2,140,100,NULL,NULL,NULL);
INSERT INTO moves VALUES(613,'oblivion-wing',6,3,80,10,100,0,10,3,353,NULL,NULL,NULL,NULL);
INSERT INTO moves VALUES(614,'thousand-arrows',6,5,90,10,100,0,11,2,10007,100,NULL,NULL,NULL);
INSERT INTO moves VALUES(615,'thousand-waves',6,5,90,10,100,0,11,2,10007,NULL,NULL,NULL,NULL);
INSERT INTO moves VALUES(616,'lands-wrath',6,5,90,10,100,0,11,2,1,NULL,NULL,NULL,NULL);
INSERT INTO moves VALUES(617,'light-of-ruin',6,18,140,5,90,0,10,3,270,NULL,NULL,NULL,NULL);
INSERT INTO moves VALUES(618,'origin-pulse',6,11,110,10,85,0,11,3,1,NULL,NULL,NULL,NULL);
INSERT INTO moves VALUES(619,'precipice-blades',6,5,120,10,85,0,11,2,1,NULL,NULL,NULL,NULL);
INSERT INTO moves VALUES(620,'dragon-ascent',6,3,120,5,100,0,10,2,230,NULL,NULL,NULL,NULL);
INSERT INTO moves VALUES(621,'hyperspace-fury',6,17,100,5,NULL,0,10,2,360,NULL,NULL,NULL,NULL);
INSERT INTO moves VALUES(10001,'shadow-rush',3,10002,55,NULL,100,0,10,2,10001,NULL,NULL,NULL,NULL);
INSERT INTO moves VALUES(10002,'shadow-blast',3,10002,80,NULL,100,0,10,2,44,NULL,NULL,NULL,NULL);
INSERT INTO moves VALUES(10003,'shadow-blitz',3,10002,40,NULL,100,0,10,2,1,NULL,NULL,NULL,NULL);
INSERT INTO moves VALUES(10004,'shadow-bolt',3,10002,75,NULL,100,0,10,3,7,10,NULL,NULL,NULL);
INSERT INTO moves VALUES(10005,'shadow-break',3,10002,75,NULL,100,0,10,2,1,NULL,NULL,NULL,NULL);
INSERT INTO moves VALUES(10006,'shadow-chill',3,10002,75,NULL,100,0,10,3,6,10,NULL,NULL,NULL);
INSERT INTO moves VALUES(10007,'shadow-end',3,10002,120,NULL,60,0,10,2,10002,NULL,NULL,NULL,NULL);
INSERT INTO moves VALUES(10008,'shadow-fire',3,10002,75,NULL,100,0,10,3,5,10,NULL,NULL,NULL);
INSERT INTO moves VALUES(10009,'shadow-rave',3,10002,70,NULL,100,0,6,3,1,NULL,NULL,NULL,NULL);
INSERT INTO moves VALUES(10010,'shadow-storm',3,10002,95,NULL,100,0,6,3,1,NULL,NULL,NULL,NULL);
INSERT INTO moves VALUES(10011,'shadow-wave',3,10002,50,NULL,100,0,6,3,1,NULL,NULL,NULL,NULL);
INSERT INTO moves VALUES(10012,'shadow-down',3,10002,NULL,NULL,100,0,6,1,60,NULL,NULL,NULL,NULL);
INSERT INTO moves VALUES(10013,'shadow-half',3,10002,NULL,NULL,100,0,12,3,10003,NULL,NULL,NULL,NULL);
INSERT INTO moves VALUES(10014,'shadow-hold',3,10002,NULL,NULL,NULL,0,6,1,107,NULL,NULL,NULL,NULL);
INSERT INTO moves VALUES(10015,'shadow-mist',3,10002,NULL,NULL,100,0,6,1,10004,NULL,NULL,NULL,NULL);
INSERT INTO moves VALUES(10016,'shadow-panic',3,10002,NULL,NULL,90,0,6,1,50,NULL,NULL,NULL,NULL);
INSERT INTO moves VALUES(10017,'shadow-shed',3,10002,NULL,NULL,NULL,0,12,1,10005,NULL,NULL,NULL,NULL);
INSERT INTO moves VALUES(10018,'shadow-sky',3,10002,NULL,NULL,NULL,0,12,1,10006,NULL,NULL,NULL,NULL);